SALE TYPE,SOLD DATE,PROPERTY TYPE,ADDRESS,CITY,STATE OR PROVINCE,ZIP OR POSTAL CODE,PRICE,BEDS,BATHS,LOCATION,SQUARE FEET,LOT SIZE,YEAR BUILT,DAYS ON MARKET,$/SQUARE FEET,HOA/MONTH,STATUS,NEXT OPEN HOUSE START TIME,NEXT OPEN HOUSE END TIME,URL,SOURCE,MLS#,FAVORITE,INTERESTED,LATITUDE,LONGITUDE,full_address,annual_rental_income,monthly_rental_income,rentalval,rentalval_note,elevation,distance_to_coast_meters,distance_to_coast_km,median_ageE,whiteE,blackE,asianE,hispanicE,median_incomeE,educationE,unemploymentE,hazard_type,property_id
PAST SALE,July-1-2024,Single Family Residential,296 Shoreview Ave,Pacifica,CA,94044,1100000,3,1,PACIFICA,1050,5900,1953,NA,1048,NA,Sold,NA,NA,https://www.redfin.com/CA/Pacifica/296-Shoreview-Ave-94044/home/1929823,MLSListings,ML81967902,N,Y,37.6373322,-122.492518,"296 Shoreview Ave, Pacifica, CA",55000,4583.333333333333,4583.333333333333,baseline_5pct,12.14,346.27387527776244,0.34627387527776243,40.1,2798,174,615,804,142134,1107,136,bluff,3b4c2e1adc46492c5a4bcbf7cca5c7db
PAST SALE,September-17-2024,Single Family Residential,155 Shell St,Pacifica,CA,94044,1315000,3,2,PACIFICA,1170,5000,1954,NA,1124,NA,Sold,NA,NA,https://www.redfin.com/CA/Pacifica/155-Shell-St-94044/home/1673537,MLSListings,ML81978455,N,Y,37.6390386,-122.4931949,"155 Shell St, Pacifica, CA",65750,5479.166666666667,5479.166666666667,baseline_5pct,11.97,264.893448369333,0.264893448369333,40.1,2798,174,615,804,142134,1107,136,bluff,3b4c2e1adc46492c5a4bcbf7cca5c7db
PAST SALE,April-2-2024,Single Family Residential,555 Esplanade Ave,Pacifica,CA,94044,1250000,2,1,PACIFICA,750,4992,1949,NA,1667,NA,Sold,NA,NA,https://www.redfin.com/CA/Pacifica/555-Esplanade-Ave-94044/home/2023220,MLSListings,ML81956376,N,Y,37.6478451,-122.4930981,"555 Esplanade Ave, Pacifica, CA",62500,5208.333333333333,5208.333333333333,baseline_5pct,24.46,244.42868344090425,0.24442868344090424,42.8,2226,153,813,725,154348,1047,97,bluff,3b4c2e1adc46492c5a4bcbf7cca5c7db
PAST SALE,April-26-2024,Single Family Residential,150 Surf St,Pacifica,CA,94044,1420000,4,2,PACIFICA,1570,5000,1954,NA,904,NA,Sold,NA,NA,https://www.redfin.com/CA/Pacifica/150-Surf-St-94044/home/1629746,MLSListings,ML81958190,N,Y,37.6380027,-122.4931305,"150 Surf St, Pacifica, CA",71000,5916.666666666667,5916.666666666667,baseline_5pct,11.67,275.7342830375746,0.2757342830375746,40.1,2798,174,615,804,142134,1107,136,bluff,3b4c2e1adc46492c5a4bcbf7cca5c7db
PAST SALE,February-21-2024,Single Family Residential,260 Shoreview Ave,Pacifica,CA,94044,1250000,3,1,Not Listed,1050,5000,1953,NA,1190,NA,Sold,NA,NA,https://www.redfin.com/CA/Pacifica/260-Shoreview-Ave-94044/home/584216,"bridgeMLS, Bay East AOR, or Contra Costa AOR",41048044,N,Y,37.6373337,-122.4933799,"260 Shoreview Ave, Pacifica, CA",62500,5208.333333333333,5208.333333333333,baseline_5pct,10.9,250.35282953485628,0.25035282953485627,40.1,2798,174,615,804,142134,1107,136,bluff,3b4c2e1adc46492c5a4bcbf7cca5c7db
PAST SALE,April-27-2023,Single Family Residential,559 Esplanade Ave,Pacifica,CA,94044,1550000,2,2,Pacific Manor,NA,4992,1949,NA,NA,NA,Sold,NA,NA,https://www.redfin.com/CA/Pacifica/559-Esplanade-Ave-94044/home/1510343,San Francisco MLS,423725992,N,Y,37.6477075,-122.4931082,"559 Esplanade Ave, Pacifica, CA",77500,6458.333333333333,6458.333333333333,baseline_5pct,24.4,243.79281652168982,0.24379281652168983,42.8,2226,153,813,725,154348,1047,97,bluff,3b4c2e1adc46492c5a4bcbf7cca5c7db
PAST SALE,March-21-2025,Single Family Residential,135 Shell St,Pacifica,CA,94044,1050000,3,1,Pacifica,1050,5000,1954,NA,1000,NA,Sold,NA,NA,https://www.redfin.com/CA/Pacifica/135-Shell-St-94044/home/1116401,San Francisco MLS,425014830,N,Y,37.639037,-122.4933678,"135 Shell St, Pacifica, CA",52500,4375,4375,baseline_5pct,11.59,245.65811047619582,0.24565811047619582,40.1,2798,174,615,804,142134,1107,136,bluff,3b4c2e1adc46492c5a4bcbf7cca5c7db
PAST SALE,November-20-2024,Single Family Residential,212 Shoreview Ave,Pacifica,CA,94044,1439000,2,2,PACIFICA,1300,7275,1955,NA,1107,NA,Sold,NA,NA,https://www.redfin.com/CA/Pacifica/212-Shoreview-Ave-94044/home/1640374,MLSListings,ML81981099,N,Y,37.6378762,-122.4940143,"212 Shoreview Ave, Pacifica, CA",71950,5995.833333333333,5995.833333333333,baseline_5pct,10.65,177.83010475564438,0.1778301047556444,40.1,2798,174,615,804,142134,1107,136,bluff,3b4c2e1adc46492c5a4bcbf7cca5c7db
PAST SALE,September-29-2025,Single Family Residential,236 Shoreview Ave,Pacifica,CA,94044,1700000,2,2,Pacifica,1300,11235,1955,NA,1308,NA,Sold,NA,NA,https://www.redfin.com/CA/Pacifica/236-Shoreview-Ave-94044/home/1596589,MLSListings,ML82012956,N,Y,37.6374817,-122.4939614,"236 Shoreview Ave, Pacifica, CA",85000,7083.333333333333,7083.333333333333,baseline_5pct,10.4,185.1162323116451,0.1851162323116451,40.1,2798,174,615,804,142134,1107,136,bluff,3b4c2e1adc46492c5a4bcbf7cca5c7db
PAST SALE,May-23-2025,Single Family Residential,125 Shell St,Pacifica,CA,94044,970000,3,1,Pacifica,1050,6100,1954,NA,924,NA,Sold,NA,NA,https://www.redfin.com/CA/Pacifica/125-Shell-St-94044/home/1571499,BAREIS,424074710,N,Y,37.63904,-122.4935417,"125 Shell St, Pacifica, CA",48500,4041.6666666666665,4041.6666666666665,baseline_5pct,11.38,226.295173085926,0.226295173085926,40.1,2798,174,615,804,142134,1107,136,bluff,3b4c2e1adc46492c5a4bcbf7cca5c7db
PAST SALE,NA,Single Family Residential,290 Shoreview Ave,Pacifica,CA,94044,1261793,3,2,NA,1510,5000,1953,NA,139,NA,NA,NA,NA,https://www.redfin.com/CA/Pacifica/290-Shoreview-Ave-94044/home/1945453,NA,NA,Y,Y,37.6373162,-122.4926852,"290 Shoreview Ave, Pacifica, CA",63089.65,5257.470833333334,5257.470833333334,baseline_5pct,11.88,327.72392961690076,0.3277239296169008,40.1,2798,174,615,804,142134,1107,136,bluff,3b4c2e1adc46492c5a4bcbf7cca5c7db
PAST SALE,NA,Single Family Residential,282 Shoreview Ave,Pacifica,CA,94044,1284820,4,2,NA,1410,5000,1953,NA,55,NA,NA,NA,NA,https://www.redfin.com/CA/Pacifica/282-Shoreview-Ave-94044/home/2051848,NA,NA,Y,Y,37.6373077,-122.4928672,"282 Shoreview Ave, Pacifica, CA",64241,5353.416666666667,5353.416666666667,baseline_5pct,11.77,307.5003793039097,0.3075003793039097,40.1,2798,174,615,804,142134,1107,136,bluff,3b4c2e1adc46492c5a4bcbf7cca5c7db
PAST SALE,NA,Single Family Residential,266 Shoreview Ave,Pacifica,CA,94044,1080394,3,1,NA,1050,5000,1953,NA,NA,NA,NA,NA,NA,https://www.redfin.com/CA/Pacifica/266-Shoreview-Ave-94044/home/1939497,NA,NA,Y,Y,37.6373329,-122.4932076,"266 Shoreview Ave, Pacifica, CA",54019.700000000004,4501.641666666667,4501.641666666667,baseline_5pct,11.2,269.52990933473313,0.26952990933473314,40.1,2798,174,615,804,142134,1107,136,bluff,3b4c2e1adc46492c5a4bcbf7cca5c7db
PAST SALE,August-10-2020,Single Family Residential,274 Shoreview Ave,Pacifica,CA,94044,1050000,3,1,PACIFICA,1050,5000,1953,NA,1000,NA,Sold,NA,NA,https://www.redfin.com/CA/Pacifica/274-Shoreview-Ave-94044/home/1596597,MLSListings,ML81800285,Y,Y,37.637333,-122.4930342,"274 Shoreview Ave, Pacifica, CA",52500,4375,4375,baseline_5pct,11.41,288.8262095177438,0.2888262095177438,40.1,2798,174,615,804,142134,1107,136,bluff,3b4c2e1adc46492c5a4bcbf7cca5c7db
PAST SALE,NA,Single Family Residential,295 Shoreview Ave,Pacifica,CA,94044,1084469,3,1,NA,1050,5639,1953,NA,588,NA,NA,NA,NA,https://www.redfin.com/CA/Pacifica/295-Shoreview-Ave-94044/home/1032369,NA,NA,Y,Y,37.6376724,-122.4925615,"295 Shoreview Ave, Pacifica, CA",54223.450000000004,4518.620833333333,4518.620833333333,baseline_5pct,11.95,340.2264103528905,0.34022641035289053,40.1,2798,174,615,804,142134,1107,136,bluff,3b4c2e1adc46492c5a4bcbf7cca5c7db
PAST SALE,NA,Single Family Residential,285 Shoreview Ave,Pacifica,CA,94044,1055372,3,1,NA,1050,5000,1953,NA,73,NA,NA,NA,NA,https://www.redfin.com/CA/Pacifica/285-Shoreview-Ave-94044/home/584238,NA,NA,Y,Y,37.6376675,-122.4927406,"285 Shoreview Ave, Pacifica, CA",52768.600000000006,4397.383333333334,4397.383333333334,baseline_5pct,11.74,320.31281556812064,0.32031281556812063,40.1,2798,174,615,804,142134,1107,136,bluff,3b4c2e1adc46492c5a4bcbf7cca5c7db
PAST SALE,October-20-2003,Single Family Residential,275 SHOREVIEW Ave,Pacifica,CA,94044,1127374,3,1,Edgemar,1050,5000,1962,NA,463,NA,Sold,NA,NA,https://www.redfin.com/CA/Pacifica/275-Shoreview-Ave-94044/home/1119403,MLSListings,ML80349756,Y,Y,37.6376753,-122.4929152,"275 SHOREVIEW Ave, Pacifica, CA",56368.700000000004,4697.391666666667,4697.391666666667,baseline_5pct,11.53,300.85495503488073,0.30085495503488074,40.1,2798,174,615,804,142134,1107,136,bluff,3b4c2e1adc46492c5a4bcbf7cca5c7db
PAST SALE,September-22-2010,Single Family Residential,265 SHOREVIEW Ave,Pacifica,CA,94044,1178071,3,2,Pacifica,1050,5000,1953,NA,514,NA,Sold,NA,NA,https://www.redfin.com/CA/Pacifica/265-Shoreview-Ave-94044/home/1043772,MLSListings,ML81040420,Y,Y,37.6376717,-122.4930478,"265 SHOREVIEW Ave, Pacifica, CA",58903.55,4908.629166666667,4908.629166666667,baseline_5pct,11.33,286.1114579306438,0.2861114579306438,40.1,2798,174,615,804,142134,1107,136,bluff,3b4c2e1adc46492c5a4bcbf7cca5c7db
PAST SALE,NA,Single Family Residential,255 Shoreview Ave,Pacifica,CA,94044,1086717,3,1,NA,1050,5000,1953,NA,NA,NA,NA,NA,NA,https://www.redfin.com/CA/Pacifica/255-Shoreview-Ave-94044/home/2018705,NA,NA,Y,Y,37.637667,-122.4932597,"255 Shoreview Ave, Pacifica, CA",54335.850000000006,4527.9875,4527.9875,baseline_5pct,10.99,262.54703684006995,0.26254703684006997,40.1,2798,174,615,804,142134,1107,136,bluff,3b4c2e1adc46492c5a4bcbf7cca5c7db
PAST SALE,October-11-2019,Single Family Residential,245 Shoreview Ave,Pacifica,CA,94044,1125000,3,2,PACIFICA,1460,5000,1953,NA,771,NA,Sold,NA,NA,https://www.redfin.com/CA/Pacifica/245-Shoreview-Ave-94044/home/584244,MLSListings,ML81768222,Y,Y,37.6376739,-122.493418,"245 Shoreview Ave, Pacifica, CA",56250,4687.5,4687.5,baseline_5pct,10.88,244.90629847323996,0.24490629847323997,40.1,2798,174,615,804,142134,1107,136,bluff,3b4c2e1adc46492c5a4bcbf7cca5c7db
PAST SALE,NA,Single Family Residential,235 Shoreview Ave,Pacifica,CA,94044,1149508,3,1,NA,1050,5742,1953,NA,214,NA,NA,NA,NA,https://www.redfin.com/CA/Pacifica/235-Shoreview-Ave-94044/home/2040119,NA,NA,Y,Y,37.6376671,-122.4936029,"235 Shoreview Ave, Pacifica, CA",57475.4,4789.616666666667,4789.616666666667,baseline_5pct,10.57,224.35399504286735,0.22435399504286735,40.1,2798,174,615,804,142134,1107,136,bluff,3b4c2e1adc46492c5a4bcbf7cca5c7db
PAST SALE,December-1-2016,Single Family Residential,180 Surf St,Pacifica,CA,94044,868300,3,1,West Sharp Park,1050,5000,1954,NA,827,NA,Sold,NA,NA,https://www.redfin.com/CA/Pacifica/180-Surf-St-94044/home/1672008,San Francisco MLS,453788,Y,Y,37.6380143,-122.4927825,"180 Surf St, Pacifica, CA",43415,3617.9166666666665,3617.9166666666665,baseline_5pct,12.14,314.4199908897424,0.3144199908897424,40.1,2798,174,615,804,142134,1107,136,bluff,3b4c2e1adc46492c5a4bcbf7cca5c7db
PAST SALE,February-10-2016,Single Family Residential,166 surf,Pacifica,CA,94044,840500,3,1,PACIFICA,1050,5000,1954,NA,800,NA,Sold,NA,NA,https://www.redfin.com/CA/Pacifica/166-Surf-St-94044/home/584230,MLSListings,ML81546574,Y,Y,37.6380186,-122.4929581,"166 surf, Pacifica, CA",42025,3502.0833333333335,3502.0833333333335,baseline_5pct,11.87,294.8632599321822,0.2948632599321822,40.1,2798,174,615,804,142134,1107,136,bluff,3b4c2e1adc46492c5a4bcbf7cca5c7db
PAST SALE,NA,Single Family Residential,136 Surf St,Pacifica,CA,94044,1105789,3,2,NA,1136,5000,1954,NA,NA,NA,NA,NA,NA,https://www.redfin.com/CA/Pacifica/136-Surf-St-94044/home/1095448,NA,NA,Y,Y,37.6380254,-122.493291,"136 Surf St, Pacifica, CA",55289.450000000004,4607.454166666667,4607.454166666667,baseline_5pct,11.51,257.7926804074135,0.2577926804074135,40.1,2798,174,615,804,142134,1107,136,bluff,3b4c2e1adc46492c5a4bcbf7cca5c7db
PAST SALE,NA,Single Family Residential,120 Surf St,Pacifica,CA,94044,1112242,3,1,NA,1050,5000,1954,NA,214,NA,NA,NA,NA,https://www.redfin.com/CA/Pacifica/120-Surf-St-94044/home/2050006,NA,NA,Y,Y,37.6380192,-122.4934749,"120 Surf St, Pacifica, CA",55612.100000000006,4634.341666666667,4634.341666666667,baseline_5pct,11.22,237.3495330730658,0.2373495330730658,40.1,2798,174,615,804,142134,1107,136,bluff,3b4c2e1adc46492c5a4bcbf7cca5c7db
PAST SALE,September-21-1997,Single Family Residential,104 Surf,Pacifica,CA,94044,1233566,3,1,West Sharp Park,1110,5000,1953,NA,217,NA,Sold,NA,NA,https://www.redfin.com/CA/Pacifica/104-Surf-St-94044/home/1900740,San Francisco MLS,24167,Y,Y,37.6380137,-122.4936508,"104 Surf, Pacifica, CA",61678.3,5139.858333333334,5139.858333333334,baseline_5pct,10.86,217.794175410595,0.21779417541059498,40.1,2798,174,615,804,142134,1107,136,bluff,3b4c2e1adc46492c5a4bcbf7cca5c7db
PAST SALE,NA,Single Family Residential,195195 Surf St Unit 195A,Pacifica,CA,94044,1069011,3,1,NA,1050,5655,1954,NA,364,NA,NA,NA,NA,https://www.redfin.com/CA/Pacifica/195195-Surf-St-94044/unit-195A/home/1129646,NA,NA,Y,Y,37.638409,-122.492612,"195195 Surf St Unit 195A, Pacifica, CA",53450.55,4454.2125000000005,4454.2125000000005,baseline_5pct,12.29,331.99400146953263,0.3319940014695326,40.1,2798,174,615,804,142134,1107,136,bluff,3b4c2e1adc46492c5a4bcbf7cca5c7db
PAST SALE,January-3-2001,Single Family Residential,195 SURF St,Pacifica,CA,94044,1054001,3,1,Pacifica,1050,4500,NA,NA,364,NA,Sold,NA,NA,https://www.redfin.com/CA/Pacifica/195-Surf-St-94044/home/179378765,MLSListings,ML80041763,Y,Y,37.6383544,-122.492649,"195 SURF St, Pacifica, CA",52700.05,4391.670833333334,4391.670833333334,baseline_5pct,12.27,328.0701470174449,0.3280701470174449,40.1,2798,174,615,804,142134,1107,136,bluff,3b4c2e1adc46492c5a4bcbf7cca5c7db
PAST SALE,NA,Single Family Residential,185 Surf St,Pacifica,CA,94044,1121048,3,2,NA,1116,5000,1954,NA,118,NA,NA,NA,NA,https://www.redfin.com/CA/Pacifica/185-Surf-St-94044/home/1923301,NA,NA,Y,Y,37.6383524,-122.4928186,"185 Surf St, Pacifica, CA",56052.4,4671.033333333334,4671.033333333334,baseline_5pct,12.11,309.20346517020454,0.30920346517020453,40.1,2798,174,615,804,142134,1107,136,bluff,3b4c2e1adc46492c5a4bcbf7cca5c7db
PAST SALE,NA,Single Family Residential,165 Surf St,Pacifica,CA,94044,1065910,3,1,NA,1050,5000,1954,NA,37,NA,NA,NA,NA,https://www.redfin.com/CA/Pacifica/165-Surf-St-94044/home/1997896,NA,NA,Y,Y,37.6383689,-122.4929864,"165 Surf St, Pacifica, CA",53295.5,4441.291666666667,4441.291666666667,baseline_5pct,11.9,290.4714787540538,0.2904714787540538,40.1,2798,174,615,804,142134,1107,136,bluff,3b4c2e1adc46492c5a4bcbf7cca5c7db
PAST SALE,January-5-2015,Single Family Residential,155 SURF St,Pacifica,CA,94044,825000,5,2,Pacifica,2010,5000,1954,NA,410,NA,Sold,NA,NA,https://www.redfin.com/CA/Pacifica/155-Surf-St-94044/home/1562116,MLSListings,ML81435587,Y,Y,37.6383863,-122.4931619,"155 SURF St, Pacifica, CA",41250,3437.5,3437.5,baseline_5pct,11.85,270.8794129922041,0.2708794129922041,40.1,2798,174,615,804,142134,1107,136,bluff,3b4c2e1adc46492c5a4bcbf7cca5c7db
PAST SALE,September-14-2006,Single Family Residential,135 SURF St,Pacifica,CA,94044,1173183,3,1,Ocean Park Manor,1050,5000,1960,NA,624,NA,Sold,NA,NA,https://www.redfin.com/CA/Pacifica/135-Surf-St-94044/home/1613183,MLSListings,ML80649428,Y,Y,37.6383515,-122.4933349,"135 SURF St, Pacifica, CA",58659.15,4888.2625,4888.2625,baseline_5pct,11.41,251.7507005323191,0.25175070053231907,40.1,2798,174,615,804,142134,1107,136,bluff,3b4c2e1adc46492c5a4bcbf7cca5c7db
PAST SALE,NA,Single Family Residential,125 Surf St,Pacifica,CA,94044,1082736,3,1,NA,1050,5000,1954,NA,NA,NA,NA,NA,NA,https://www.redfin.com/CA/Pacifica/125-Surf-St-94044/home/1950467,NA,NA,Y,Y,37.6383522,-122.4935067,"125 Surf St, Pacifica, CA",54136.8,4511.4000000000005,4511.4000000000005,baseline_5pct,11.18,232.62961740000208,0.23262961740000207,40.1,2798,174,615,804,142134,1107,136,bluff,3b4c2e1adc46492c5a4bcbf7cca5c7db
PAST SALE,NA,Single Family Residential,105 Surf St,Pacifica,CA,94044,1134893,3,1,NA,1050,5952,1954,NA,214,NA,NA,NA,NA,https://www.redfin.com/CA/Pacifica/105-Surf-St-94044/home/584223,NA,NA,Y,Y,37.6383548,-122.4936812,"105 Surf St, Pacifica, CA",56744.65,4728.720833333334,4728.720833333334,baseline_5pct,11.01,213.20132839321815,0.21320132839321815,40.1,2798,174,615,804,142134,1107,136,bluff,3b4c2e1adc46492c5a4bcbf7cca5c7db
PAST SALE,August-10-2012,Single Family Residential,252 SHOREVIEW Ave,Pacifica,CA,94044,1496055,4,2,Ocean Park,2250,6500,1952,NA,327,NA,Sold,NA,NA,https://www.redfin.com/CA/Pacifica/252-Shoreview-Ave-94044/home/1923288,MLSListings,ML81216005,Y,Y,37.6373084,-122.4935562,"252 SHOREVIEW Ave, Pacifica, CA",74802.75,6233.5625,6233.5625,baseline_5pct,10.68,230.82318379572993,0.23082318379572994,40.1,2798,174,615,804,142134,1107,136,bluff,3b4c2e1adc46492c5a4bcbf7cca5c7db
PAST SALE,September-11-2015,Single Family Residential,244 Shoreview Ave,Pacifica,CA,94044,1465000,4,3,PACIFICA,1550,8200,1953,NA,945,NA,Sold,NA,NA,https://www.redfin.com/CA/Pacifica/244-Shoreview-Ave-94044/home/2007673,MLSListings,ML81456281,Y,Y,37.6373487,-122.4938017,"244 Shoreview Ave, Pacifica, CA",73250,6104.166666666667,6104.166666666667,baseline_5pct,10.43,203.36001449383943,0.20336001449383942,40.1,2798,174,615,804,142134,1107,136,bluff,3b4c2e1adc46492c5a4bcbf7cca5c7db
PAST SALE,September-6-2019,Single Family Residential,220 Shoreview Ave,Pacifica,CA,94044,1600000,3,3,PACIFICA,1800,7854,1955,NA,889,NA,Sold,NA,NA,https://www.redfin.com/CA/Pacifica/220-Shoreview-Ave-94044/home/1656720,MLSListings,ML81762954,Y,Y,37.6376743,-122.4939999,"220 Shoreview Ave, Pacifica, CA",80000,6666.666666666667,6666.666666666667,baseline_5pct,10.57,180.14868910310517,0.18014868910310516,40.1,2798,174,615,804,142134,1107,136,bluff,3b4c2e1adc46492c5a4bcbf7cca5c7db
PAST SALE,June-15-2022,Single Family Residential,204 Shoreview Ave,Pacifica,CA,94044,2038888,3,3,PACIFICA,1787,8925,1955,NA,1141,NA,Sold,NA,NA,https://www.redfin.com/CA/Pacifica/204-Shoreview-Ave-94044/home/584210,MLSListings,ML81890466,Y,Y,37.6380995,-122.4940582,"204 Shoreview Ave, Pacifica, CA",101944.40000000001,8495.366666666667,8495.366666666667,baseline_5pct,10.61,172.15273756907973,0.17215273756907973,40.1,2798,174,615,804,142134,1107,136,bluff,3b4c2e1adc46492c5a4bcbf7cca5c7db
PAST SALE,June-28-2004,Single Family Residential,196 SHOREVIEW Ave,Pacifica,CA,94044,812000,4,2,Pacifica,1920,7125,1964,NA,423,NA,Sold,NA,NA,https://www.redfin.com/CA/Pacifica/196-Shoreview-Ave-94044/home/21843540,MLSListings,ML80378051,Y,Y,37.6382196,-122.4940686,"196 SHOREVIEW Ave, Pacifica, CA",40600,3383.3333333333335,3383.3333333333335,baseline_5pct,10.75,170.56941346977254,0.17056941346977253,40.1,2798,174,615,804,142134,1107,136,bluff,3b4c2e1adc46492c5a4bcbf7cca5c7db
PAST SALE,NA,Single Family Residential,188 Shoreview Ave,Pacifica,CA,94044,1519480,4,2,NA,1720,7366,1955,NA,166,NA,NA,NA,NA,https://www.redfin.com/CA/Pacifica/188-Shoreview-Ave-94044/home/1596584,NA,NA,Y,Y,37.6384181,-122.4940694,"188 Shoreview Ave, Pacifica, CA",75974,6331.166666666667,6331.166666666667,baseline_5pct,10.75,169.77634613210174,0.16977634613210174,40.1,2798,174,615,804,142134,1107,136,bluff,3b4c2e1adc46492c5a4bcbf7cca5c7db
PAST SALE,NA,Single Family Residential,196 Shell St,Pacifica,CA,94044,1113171,3,2,NA,1210,5769,1954,NA,132,NA,NA,NA,NA,https://www.redfin.com/CA/Pacifica/196-Shell-St-94044/home/1923297,NA,NA,Y,Y,37.6387001,-122.4926588,"196 Shell St, Pacifica, CA",55658.55,4638.2125000000005,4638.2125000000005,baseline_5pct,12.56,325.7534305840819,0.3257534305840819,40.1,2798,174,615,804,142134,1107,136,bluff,3b4c2e1adc46492c5a4bcbf7cca5c7db
PAST SALE,NA,Single Family Residential,180 Shell St,Pacifica,CA,94044,1034374,3,1,NA,1070,5000,1954,NA,22,NA,NA,NA,NA,https://www.redfin.com/CA/Pacifica/180-Shell-St-94044/home/584673,NA,NA,Y,Y,37.6387148,-122.492821,"180 Shell St, Pacifica, CA",51718.700000000004,4309.891666666667,4309.891666666667,baseline_5pct,12.35,307.65101887221834,0.30765101887221835,40.1,2798,174,615,804,142134,1107,136,bluff,3b4c2e1adc46492c5a4bcbf7cca5c7db
PAST SALE,August-31-2017,Single Family Residential,166 Shell St,Pacifica,CA,94044,819000,3,1,PACIFICA,1050,5000,1954,NA,780,NA,Sold,NA,NA,https://www.redfin.com/CA/Pacifica/166-Shell-St-94044/home/2003817,MLSListings,ML81672529,Y,Y,37.638699,-122.4930009,"166 Shell St, Pacifica, CA",40950,3412.5,3412.5,baseline_5pct,12.11,287.68705742389415,0.28768705742389417,40.1,2798,174,615,804,142134,1107,136,bluff,3b4c2e1adc46492c5a4bcbf7cca5c7db
PAST SALE,NA,Single Family Residential,150 Shell St,Pacifica,CA,94044,1409903,4,2.5,NA,2330,5000,1954,NA,14,NA,NA,NA,NA,https://www.redfin.com/CA/Pacifica/150-Shell-St-94044/home/1167336,NA,NA,Y,Y,37.6386964,-122.4931794,"150 Shell St, Pacifica, CA",70495.15000000001,5874.595833333334,5874.595833333334,baseline_5pct,11.9,267.8320756247993,0.2678320756247993,40.1,2798,174,615,804,142134,1107,136,bluff,3b4c2e1adc46492c5a4bcbf7cca5c7db
PAST SALE,December-10-1999,Single Family Residential,136 SHELL St,Pacifica,CA,94044,1091066,3,1,Pacifica,1050,5000,NA,NA,290,NA,Sold,NA,NA,https://www.redfin.com/CA/Pacifica/136-Shell-St-94044/home/1868303,MLSListings,ML89945478,Y,Y,37.6387082,-122.4933546,"136 SHELL St, Pacifica, CA",54553.3,4546.108333333334,4546.108333333334,baseline_5pct,11.71,248.2932569982738,0.2482932569982738,40.1,2798,174,615,804,142134,1107,136,bluff,3b4c2e1adc46492c5a4bcbf7cca5c7db
PAST SALE,NA,Single Family Residential,120 Shell St,Pacifica,CA,94044,1272653,3,2,NA,1668,5000,1954,NA,117,NA,NA,NA,NA,https://www.redfin.com/CA/Pacifica/120-Shell-St-94044/home/1226251,NA,NA,Y,Y,37.6386863,-122.4935237,"120 Shell St, Pacifica, CA",63632.65,5302.720833333334,5302.720833333334,baseline_5pct,11.42,229.55279891898195,0.22955279891898195,40.1,2798,174,615,804,142134,1107,136,bluff,3b4c2e1adc46492c5a4bcbf7cca5c7db
PAST SALE,June-28-2007,Single Family Residential,104 SHELL St,Pacifica,CA,94044,1205526,3,2,Ocean Park Manor,1050,4500,1959,NA,657,NA,Sold,NA,NA,https://www.redfin.com/CA/Pacifica/104-Shell-St-94044/home/1990279,MLSListings,ML80720788,Y,Y,37.6387052,-122.4936944,"104 SHELL St, Pacifica, CA",60276.3,5023.0250000000005,5023.0250000000005,baseline_5pct,11.27,210.4895761191682,0.2104895761191682,40.1,2798,174,615,804,142134,1107,136,bluff,3b4c2e1adc46492c5a4bcbf7cca5c7db
PAST SALE,NA,Single Family Residential,195 Shell St,Pacifica,CA,94044,1410000,3,2,NA,1480,5847,1954,NA,953,NA,NA,NA,NA,https://www.redfin.com/CA/Pacifica/195-Shell-St-94044/home/1178161,NA,NA,Y,Y,37.6390361,-122.492672,"195 Shell St, Pacifica, CA",70500,5875,5875,baseline_5pct,12.51,323.0927469732757,0.3230927469732757,40.1,2798,174,615,804,142134,1107,136,bluff,3b4c2e1adc46492c5a4bcbf7cca5c7db
PAST SALE,August-21-2020,Single Family Residential,185 Shell St,Pacifica,CA,94044,990000,3,1,PACIFICA,1050,5000,1954,NA,943,NA,Sold,NA,NA,https://www.redfin.com/CA/Pacifica/185-Shell-St-94044/home/584666,MLSListings,ML81800611,Y,Y,37.6390444,-122.4928267,"185 Shell St, Pacifica, CA",49500,4125,4125,baseline_5pct,12.27,305.8476651760861,0.3058476651760861,40.1,2798,174,615,804,142134,1107,136,bluff,3b4c2e1adc46492c5a4bcbf7cca5c7db
PAST SALE,October-31-2012,Single Family Residential,165 SHELL St,Pacifica,CA,94044,922281,3,1,Pacifica,1050,5000,1954,NA,443,NA,Sold,NA,NA,https://www.redfin.com/CA/Pacifica/165-Shell-St-94044/home/1860348,MLSListings,ML81220024,Y,Y,37.6390509,-122.4930478,"165 SHELL St, Pacifica, CA",46114.05,3842.8375,3842.8375,baseline_5pct,12.05,281.21970653594707,0.2812197065359471,40.1,2798,174,615,804,142134,1107,136,bluff,3b4c2e1adc46492c5a4bcbf7cca5c7db
PAST SALE,April-21-2021,Single Family Residential,105 Shoreview Ave,Pacifica,CA,94044,1325000,3,2,PACIFICA,1460,6600,1954,NA,908,NA,Sold,NA,NA,https://www.redfin.com/CA/Pacifica/105-Shoreview-Ave-94044/home/1868301,MLSListings,ML81827360,Y,Y,37.6393834,-122.4926941,"105 Shoreview Ave, Pacifica, CA",66250,5520.833333333333,5520.833333333333,baseline_5pct,11.51,319.4015504683438,0.31940155046834384,40.1,2798,174,615,804,142134,1107,136,bluff,3b4c2e1adc46492c5a4bcbf7cca5c7db
PAST SALE,NA,Single Family Residential,115 Shoreview Ave,Pacifica,CA,94044,1290245,3,2,NA,1500,5000,1955,NA,482,NA,NA,NA,NA,https://www.redfin.com/CA/Pacifica/115-Shoreview-Ave-94044/home/2058543,NA,NA,Y,Y,37.6393869,-122.4928763,"115 Shoreview Ave, Pacifica, CA",64512.25,5376.020833333333,5376.020833333333,baseline_5pct,11.44,299.11318195788556,0.29911318195788555,40.1,2798,174,615,804,142134,1107,136,bluff,3b4c2e1adc46492c5a4bcbf7cca5c7db
PAST SALE,NA,Single Family Residential,125 Shoreview Ave,Pacifica,CA,94044,1040472,3,1,NA,1050,5000,1954,NA,8,NA,NA,NA,NA,https://www.redfin.com/CA/Pacifica/125-Shoreview-Ave-94044/home/584659,NA,NA,Y,Y,37.6393914,-122.4930573,"125 Shoreview Ave, Pacifica, CA",52023.600000000006,4335.3,4335.3,baseline_5pct,11.23,278.9548074585625,0.27895480745856255,40.1,2798,174,615,804,142134,1107,136,bluff,3b4c2e1adc46492c5a4bcbf7cca5c7db
PAST SALE,NA,Single Family Residential,135 Shoreview Ave,Pacifica,CA,94044,1110249,3,1,NA,1050,5000,1954,NA,105,NA,NA,NA,NA,https://www.redfin.com/CA/Pacifica/135-Shoreview-Ave-94044/home/1510336,NA,NA,Y,Y,37.6393921,-122.4932298,"135 Shoreview Ave, Pacifica, CA",55512.450000000004,4626.0375,4626.0375,baseline_5pct,10.94,259.7558254552079,0.2597558254552079,40.1,2798,174,615,804,142134,1107,136,bluff,3b4c2e1adc46492c5a4bcbf7cca5c7db
PAST SALE,NA,Single Family Residential,145 Shoreview Ave,Pacifica,CA,94044,1021871,3,1,NA,1050,7132,1954,NA,20,NA,NA,NA,NA,https://www.redfin.com/CA/Pacifica/145-Shoreview-Ave-94044/home/584651,NA,NA,Y,Y,37.6393885,-122.4934021,"145 Shoreview Ave, Pacifica, CA",51093.55,4257.795833333334,4257.795833333334,baseline_5pct,10.94,240.59435172644916,0.24059435172644916,40.1,2798,174,615,804,142134,1107,136,bluff,3b4c2e1adc46492c5a4bcbf7cca5c7db
PAST SALE,NA,Single Family Residential,184 Shoreview Ave,Pacifica,CA,94044,905000,2,2,NA,1300,7578,1955,NA,696,NA,NA,NA,NA,https://www.redfin.com/CA/Pacifica/184-Shoreview-Ave-94044/home/1923293,NA,NA,Y,Y,37.6386258,-122.4940647,"184 Shoreview Ave, Pacifica, CA",45250,3770.8333333333335,3770.8333333333335,baseline_5pct,10.93,169.5627085062376,0.16956270850623761,40.1,2798,174,615,804,142134,1107,136,bluff,3b4c2e1adc46492c5a4bcbf7cca5c7db
PAST SALE,October-31-2018,Single Family Residential,178 Shoreview Ave,Pacifica,CA,94044,1435000,4,3,PACIFICA,1840,8652,1955,NA,780,NA,Sold,NA,NA,https://www.redfin.com/CA/Pacifica/178-Shoreview-Ave-94044/home/1970668,MLSListings,ML81724657,Y,Y,37.638825,-122.4940746,"178 Shoreview Ave, Pacifica, CA",71750,5979.166666666667,5979.166666666667,baseline_5pct,11.04,167.7544696548812,0.1677544696548812,40.1,2798,174,615,804,142134,1107,136,bluff,3b4c2e1adc46492c5a4bcbf7cca5c7db
PAST SALE,NA,Single Family Residential,172 Shoreview Ave,Pacifica,CA,94044,2000000,3,2,NA,1600,7000,1955,NA,1250,NA,NA,NA,NA,https://www.redfin.com/CA/Pacifica/172-Shoreview-Ave-94044/home/1640368,NA,NA,Y,Y,37.6390115,-122.4939914,"172 Shoreview Ave, Pacifica, CA",100000,8333.333333333334,8333.333333333334,baseline_5pct,10.97,176.35181908278318,0.1763518190827832,40.1,2798,174,615,804,142134,1107,136,bluff,3b4c2e1adc46492c5a4bcbf7cca5c7db
PAST SALE,NA,Single Family Residential,166 Shoreview Ave,Pacifica,CA,94044,1226855,3,2,NA,1300,7000,1955,NA,187,NA,NA,NA,NA,https://www.redfin.com/CA/Pacifica/166-Shoreview-Ave-94044/home/584196,NA,NA,Y,Y,37.6392003,-122.4939032,"166 Shoreview Ave, Pacifica, CA",61342.75,5111.895833333333,5111.895833333333,baseline_5pct,10.86,185.49742937948287,0.18549742937948285,40.1,2798,174,615,804,142134,1107,136,bluff,3b4c2e1adc46492c5a4bcbf7cca5c7db
PAST SALE,October-22-2002,Single Family Residential,154 SHOREVIEW Ave,Pacifica,CA,94044,1342263,3,2,Pacifica,1300,1,NA,NA,462,NA,Sold,NA,NA,https://www.redfin.com/CA/Pacifica/154-Shoreview-Ave-94044/home/2038511,MLSListings,ML80248235,Y,Y,37.6393773,-122.4938413,"154 SHOREVIEW Ave, Pacifica, CA",67113.15000000001,5592.762500000001,5592.762500000001,baseline_5pct,10.87,191.75812022591091,0.1917581202259109,40.1,2798,174,615,804,142134,1107,136,bluff,3b4c2e1adc46492c5a4bcbf7cca5c7db
PAST SALE,NA,Single Family Residential,146 Shoreview Ave,Pacifica,CA,94044,1312500,3,3,NA,1570,9000,1955,NA,836,NA,NA,NA,NA,https://www.redfin.com/CA/Pacifica/146-Shoreview-Ave-94044/home/1483569,NA,NA,Y,Y,37.6395648,-122.4937994,"146 Shoreview Ave, Pacifica, CA",65625,5468.75,5468.75,baseline_5pct,10.71,195.75588646951692,0.19575588646951692,40.1,2798,174,615,804,142134,1107,136,bluff,3b4c2e1adc46492c5a4bcbf7cca5c7db
PAST SALE,January-5-2006,Single Family Residential,104 SHOREVIEW Ave,Pacifica,CA,94044,1076580,3,1,Pacifica,1050,5600,1959,NA,595,NA,Sold,NA,NA,https://www.redfin.com/CA/Pacifica/104-Shoreview-Ave-94044/home/1739493,MLSListings,ML80562668,Y,Y,37.6397189,-122.4926941,"104 SHOREVIEW Ave, Pacifica, CA",53829,4485.75,4485.75,baseline_5pct,11.39,318.21157883496016,0.31821157883496015,40.1,2798,174,615,804,142134,1107,136,bluff,3b4c2e1adc46492c5a4bcbf7cca5c7db
PAST SALE,November-13-2020,Single Family Residential,112 Shoreview Ave,Pacifica,CA,94044,1030000,3,1,PACIFICA,1050,5000,1954,NA,981,NA,Sold,NA,NA,https://www.redfin.com/CA/Pacifica/112-Shoreview-Ave-94044/home/1043765,MLSListings,ML81814200,Y,Y,37.6397278,-122.4928677,"112 Shoreview Ave, Pacifica, CA",51500,4291.666666666667,4291.666666666667,baseline_5pct,11.37,298.8611000365138,0.2988611000365138,40.1,2798,174,615,804,142134,1107,136,bluff,3b4c2e1adc46492c5a4bcbf7cca5c7db
PAST SALE,NA,Single Family Residential,118 Shoreview Ave,Pacifica,CA,94044,1037985,4,1,NA,1230,5000,1954,NA,172,NA,NA,NA,NA,https://www.redfin.com/CA/Pacifica/118-Shoreview-Ave-94044/home/2035598,NA,NA,Y,Y,37.639735,-122.4930332,"118 Shoreview Ave, Pacifica, CA",51899.25,4324.9375,4324.9375,baseline_5pct,11.14,280.41805174790443,0.2804180517479044,40.1,2798,174,615,804,142134,1107,136,bluff,3b4c2e1adc46492c5a4bcbf7cca5c7db
PAST SALE,NA,Single Family Residential,126 Shoreview Ave,Pacifica,CA,94044,1048216,3,1,NA,1050,5000,1954,NA,195,NA,NA,NA,NA,https://www.redfin.com/CA/Pacifica/126-Shoreview-Ave-94044/home/1179423,NA,NA,Y,Y,37.6397259,-122.49321,"126 Shoreview Ave, Pacifica, CA",52410.8,4367.566666666667,4367.566666666667,baseline_5pct,11.03,260.77530761514305,0.26077530761514306,40.1,2798,174,615,804,142134,1107,136,bluff,3b4c2e1adc46492c5a4bcbf7cca5c7db
PAST SALE,NA,Single Family Residential,132 Shoreview Ave,Pacifica,CA,94044,1091963,3,2,NA,1230,5002,1954,NA,20,NA,NA,NA,NA,https://www.redfin.com/CA/Pacifica/132-Shoreview-Ave-94044/home/584643,NA,NA,Y,Y,37.6397328,-122.4933817,"132 Shoreview Ave, Pacifica, CA",54598.15,4549.845833333334,4549.845833333334,baseline_5pct,10.83,241.64336225425328,0.24164336225425329,40.1,2798,174,615,804,142134,1107,136,bluff,3b4c2e1adc46492c5a4bcbf7cca5c7db
PAST SALE,NA,Single Family Residential,140 Shoreview Ave,Pacifica,CA,94044,1164974,3,2,NA,1320,10021,1955,NA,23,NA,NA,NA,NA,https://www.redfin.com/CA/Pacifica/140-Shoreview-Ave-94044/home/1789357,NA,NA,Y,Y,37.6397129,-122.4935971,"140 Shoreview Ave, Pacifica, CA",58248.700000000004,4854.058333333333,4854.058333333333,baseline_5pct,10.9,217.74335983871455,0.21774335983871457,40.1,2798,174,615,804,142134,1107,136,bluff,3b4c2e1adc46492c5a4bcbf7cca5c7db
PAST SALE,April-4-2014,Single Family Residential,1112 PALMETTO Ave,Pacifica,CA,94044,985000,2,1,Pacifica,1170,36460,1950,NA,842,NA,Sold,NA,NA,https://www.redfin.com/CA/Pacifica/1112-Palmetto-Ave-94044/home/1621918,MLSListings,ML81317137,Y,Y,37.6428148,-122.4935342,"1112 PALMETTO Ave, Pacifica, CA",49250,4104.166666666667,4104.166666666667,baseline_5pct,15.94,213.7408671659483,0.21374086716594828,40.1,2798,174,615,804,142134,1107,136,bluff,3b4c2e1adc46492c5a4bcbf7cca5c7db
PAST SALE,June-30-2006,Single Family Residential,1070 PALMETTO Ave,Pacifica,CA,94044,850000,3,1.5,Pacifica,1396,20038,1938,NA,609,NA,Sold,NA,NA,https://www.redfin.com/CA/Pacifica/1070-Palmetto-Ave-94044/home/1637590,MLSListings,ML80568279,Y,Y,37.6431724,-122.4927802,"1070 PALMETTO Ave, Pacifica, CA",42500,3541.6666666666665,3541.6666666666665,baseline_5pct,17.29,296.380627392818,0.296380627392818,40.1,2798,174,615,804,142134,1107,136,bluff,3b4c2e1adc46492c5a4bcbf7cca5c7db
PAST SALE,NA,Single Family Residential,900 Palmetto Ave,Pacifica,CA,94044,1006113,3,1,NA,972,30129,1948,NA,NA,NA,NA,NA,NA,https://www.redfin.com/CA/Pacifica/900-Palmetto-Ave-94044/home/1043885,NA,NA,Y,Y,37.6438284,-122.4930395,"900 Palmetto Ave, Pacifica, CA",50305.65,4192.1375,4192.1375,baseline_5pct,18.49,265.19780829599273,0.2651978082959927,40.1,2798,174,615,804,142134,1107,136,bluff,3b4c2e1adc46492c5a4bcbf7cca5c7db
PAST SALE,NA,Single Family Residential,528 Dolphin Dr,Pacifica,CA,94044,873767,2,1,NA,750,6080,1949,NA,72,NA,NA,NA,NA,https://www.redfin.com/CA/Pacifica/528-Dolphin-Dr-94044/home/1739454,NA,NA,Y,Y,37.6487956,-122.4924261,"528 Dolphin Dr, Pacifica, CA",43688.350000000006,3640.6958333333337,3640.6958333333337,baseline_5pct,26.47,315.83987857711895,0.3158398785771189,42.8,2226,153,813,725,154348,1047,97,bluff,3b4c2e1adc46492c5a4bcbf7cca5c7db
PAST SALE,NA,Single Family Residential,532 Dolphin Dr,Pacifica,CA,94044,991820,3,1,NA,910,4819,1949,NA,NA,NA,NA,NA,NA,https://www.redfin.com/CA/Pacifica/532-Dolphin-Dr-94044/home/581714,NA,NA,Y,Y,37.6486535,-122.49258,"532 Dolphin Dr, Pacifica, CA",49591,4132.583333333333,4132.583333333333,baseline_5pct,26.25,299.2173338564033,0.2992173338564033,42.8,2226,153,813,725,154348,1047,97,bluff,3b4c2e1adc46492c5a4bcbf7cca5c7db
PAST SALE,April-20-2000,Single Family Residential,536 DOLPHIN Dr,Pacifica,CA,94044,1164505,2,2,MANOR,1350,4500,NA,NA,285,NA,Sold,NA,NA,https://www.redfin.com/CA/Pacifica/536-Dolphin-Dr-94044/home/1440108,MLSListings,ML80009756,Y,Y,37.648519,-122.4925907,"536 DOLPHIN Dr, Pacifica, CA",58225.25,4852.104166666667,4852.104166666667,baseline_5pct,26.21,298.5037052292358,0.29850370522923575,42.8,2226,153,813,725,154348,1047,97,bluff,3b4c2e1adc46492c5a4bcbf7cca5c7db
PAST SALE,August-28-2017,Single Family Residential,544 Dolphin Dr,Pacifica,CA,94044,811000,3,2,PACIFICA,1590,4992,1949,NA,510,NA,Sold,NA,NA,https://www.redfin.com/CA/Pacifica/544-Dolphin-Dr-94044/home/581762,MLSListings,ML81670564,Y,Y,37.6482306,-122.4926499,"544 Dolphin Dr, Pacifica, CA",40550,3379.1666666666665,3379.1666666666665,baseline_5pct,25.77,292.9387252938464,0.2929387252938464,42.8,2226,153,813,725,154348,1047,97,bluff,3b4c2e1adc46492c5a4bcbf7cca5c7db
PAST SALE,March-10-2021,Single Family Residential,548 Dolphin Dr,Pacifica,CA,94044,1510000,4,2,PACIFICA,1890,4992,1949,NA,799,NA,Sold,NA,NA,https://www.redfin.com/CA/Pacifica/548-Dolphin-Dr-94044/home/581770,MLSListings,ML81829697,Y,Y,37.6480896,-122.4926033,"548 Dolphin Dr, Pacifica, CA",75500,6291.666666666667,6291.666666666667,baseline_5pct,25.64,298.6247274499758,0.2986247274499758,42.8,2226,153,813,725,154348,1047,97,bluff,3b4c2e1adc46492c5a4bcbf7cca5c7db
PAST SALE,November-20-2003,Single Family Residential,552 DOLPHIN Dr,Pacifica,CA,94044,988178,2,1,Pacific Manor,750,4992,1956,NA,611,NA,Sold,NA,NA,https://www.redfin.com/CA/Pacifica/552-Dolphin-Dr-94044/home/1501962,MLSListings,ML80349533,Y,Y,37.6479453,-122.4926322,"552 DOLPHIN Dr, Pacifica, CA",49408.9,4117.408333333334,4117.408333333334,baseline_5pct,25.51,295.92048858479404,0.29592048858479403,42.8,2226,153,813,725,154348,1047,97,bluff,3b4c2e1adc46492c5a4bcbf7cca5c7db
PAST SALE,NA,Single Family Residential,556 Dolphin Dr,Pacifica,CA,94044,1019202,3,1,NA,910,5000,1949,NA,42,NA,NA,NA,NA,https://www.redfin.com/CA/Pacifica/556-Dolphin-Dr-94044/home/1449869,NA,NA,Y,Y,37.6477977,-122.4926685,"556 Dolphin Dr, Pacifica, CA",50960.100000000006,4246.675,4246.675,baseline_5pct,25.27,292.404452671501,0.292404452671501,42.8,2226,153,813,725,154348,1047,97,bluff,3b4c2e1adc46492c5a4bcbf7cca5c7db
PAST SALE,NA,Single Family Residential,560 Dolphin Dr,Pacifica,CA,94044,1206344,3,2,NA,1440,5000,1949,NA,69,NA,NA,NA,NA,https://www.redfin.com/CA/Pacifica/560-Dolphin-Dr-94044/home/1929826,NA,NA,Y,Y,37.6476636,-122.4927131,"560 Dolphin Dr, Pacifica, CA",60317.200000000004,5026.433333333333,5026.433333333333,baseline_5pct,25.23,287.9168702341047,0.28791687023410467,42.8,2226,153,813,725,154348,1047,97,bluff,3b4c2e1adc46492c5a4bcbf7cca5c7db
PAST SALE,November-12-2009,Single Family Residential,110 W AVALON Dr,Pacifica,CA,94044,1309950,3,2,Pacifica,1310,4992,1949,NA,466,NA,Sold,NA,NA,https://www.redfin.com/CA/Pacifica/110-W-Avalon-Dr-94044/home/2048268,MLSListings,ML80942464,Y,Y,37.6475225,-122.4926499,"110 W AVALON Dr, Pacifica, CA",65497.5,5458.125,5458.125,baseline_5pct,24.99,295.4505385790815,0.29545053857908155,42.8,2226,153,813,725,154348,1047,97,bluff,3b4c2e1adc46492c5a4bcbf7cca5c7db
PAST SALE,NA,Single Family Residential,113 W Avalon Dr,Pacifica,CA,94044,1122990,3,2,NA,1150,5000,1979,NA,56,NA,NA,NA,NA,https://www.redfin.com/CA/Pacifica/113-W-Avalon-Dr-94044/home/2013319,NA,NA,Y,Y,37.6471594,-122.4924668,"113 W Avalon Dr, Pacifica, CA",56149.5,4679.125,4679.125,baseline_5pct,25.46,317.1146487924037,0.31711464879240375,42.8,2226,153,813,725,154348,1047,97,bluff,3b4c2e1adc46492c5a4bcbf7cca5c7db
PAST SALE,NA,Single Family Residential,117 W Avalon Dr,Pacifica,CA,94044,986584,3,1,NA,910,5000,1949,NA,NA,NA,NA,NA,NA,https://www.redfin.com/CA/Pacifica/117-W-Avalon-Dr-94044/home/2003792,NA,NA,Y,Y,37.6472001,-122.4926368,"117 W Avalon Dr, Pacifica, CA",49329.200000000004,4110.766666666667,4110.766666666667,baseline_5pct,25.06,298.0519876748125,0.2980519876748125,42.8,2226,153,813,725,154348,1047,97,bluff,3b4c2e1adc46492c5a4bcbf7cca5c7db
PAST SALE,October-28-2003,Single Family Residential,121 Avalon,Pacifica,CA,94044,1146481,3,1,Pacifica,1310,4500,1958,NA,385,NA,Sold,NA,NA,https://www.redfin.com/CA/Pacifica/121-W-Avalon-Dr-94044/home/1780213,MLSListings,ML80352099,Y,Y,37.6472096,-122.4928187,"121 Avalon, Pacifica, CA",57324.05,4777.004166666667,4777.004166666667,baseline_5pct,24.65,277.77571972273296,0.27777571972273296,42.8,2226,153,813,725,154348,1047,97,bluff,3b4c2e1adc46492c5a4bcbf7cca5c7db
PAST SALE,NA,Single Family Residential,114 W Avalon Dr,Pacifica,CA,94044,979197,2,1,NA,750,4915,1949,NA,179,NA,NA,NA,NA,https://www.redfin.com/CA/Pacifica/114-W-Avalon-Dr-94044/home/1895458,NA,NA,Y,Y,37.6475614,-122.4931279,"114 W Avalon Dr, Pacifica, CA",48959.850000000006,4079.9875000000006,4079.9875000000006,baseline_5pct,23.99,242.11877335285524,0.24211877335285525,42.8,2226,153,813,725,154348,1047,97,bluff,3b4c2e1adc46492c5a4bcbf7cca5c7db
PAST SALE,October-28-2015,Single Family Residential,551 Esplanade Ave,Pacifica,CA,94044,1200000,4,3,Pacific Manor,2225,4992,1949,NA,539,NA,Sold,NA,NA,https://www.redfin.com/CA/Pacifica/551-Esplanade-Ave-94044/home/1367276,San Francisco MLS,436031,Y,Y,37.6479875,-122.4930371,"551 Esplanade Ave, Pacifica, CA",60000,5000,5000,baseline_5pct,24.49,250.71188091006067,0.2507118809100607,42.8,2226,153,813,725,154348,1047,97,bluff,3b4c2e1adc46492c5a4bcbf7cca5c7db
PAST SALE,December-7-2006,Single Family Residential,547 ESPLANADE Ave,Pacifica,CA,94044,1025575,2,1,Pacific Manor,750,4992,1955,NA,863,NA,Sold,NA,NA,https://www.redfin.com/CA/Pacifica/547-Esplanade-Ave-94044/home/581778,MLSListings,ML80665499,Y,Y,37.6481271,-122.4930548,"547 ESPLANADE Ave, Pacifica, CA",51278.75,4273.229166666667,4273.229166666667,baseline_5pct,24.84,248.2469547635832,0.24824695476358322,42.8,2226,153,813,725,154348,1047,97,bluff,3b4c2e1adc46492c5a4bcbf7cca5c7db
PAST SALE,October-19-2021,Single Family Residential,543 Esplanade Ave,Pacifica,CA,94044,1560000,3,1,PACIFICA,1280,4992,1949,NA,1219,NA,Sold,NA,NA,https://www.redfin.com/CA/Pacifica/543-Esplanade-Ave-94044/home/2035963,MLSListings,ML81861055,Y,Y,37.6482707,-122.4930036,"543 Esplanade Ave, Pacifica, CA",78000,6500,6500,baseline_5pct,25.08,253.4353098581468,0.25343530985814683,42.8,2226,153,813,725,154348,1047,97,bluff,3b4c2e1adc46492c5a4bcbf7cca5c7db
PAST SALE,July-10-2018,Single Family Residential,539 Esplanade Ave,Pacifica,CA,94044,1460000,2,2,PACIFICA,2126,4992,1949,NA,687,NA,Sold,NA,NA,https://www.redfin.com/CA/Pacifica/539-Esplanade-Ave-94044/home/1900711,MLSListings,ML81711470,Y,Y,37.6484142,-122.4929709,"539 Esplanade Ave, Pacifica, CA",73000,6083.333333333333,6083.333333333333,baseline_5pct,25.12,256.56526370689744,0.2565652637068974,42.8,2226,153,813,725,154348,1047,97,bluff,3b4c2e1adc46492c5a4bcbf7cca5c7db
PAST SALE,NA,Single Family Residential,535 Esplanade Ave,Pacifica,CA,94044,1081092,3,1,NA,910,5000,1949,NA,8,NA,NA,NA,NA,https://www.redfin.com/CA/Pacifica/535-Esplanade-Ave-94044/home/1994112,NA,NA,Y,Y,37.6485585,-122.4929703,"535 Esplanade Ave, Pacifica, CA",54054.600000000006,4504.55,4504.55,baseline_5pct,25.25,256.12016062824017,0.25612016062824017,42.8,2226,153,813,725,154348,1047,97,bluff,3b4c2e1adc46492c5a4bcbf7cca5c7db
PAST SALE,June-11-2018,Single Family Residential,531 Esplanade Ave,Pacifica,CA,94044,935000,2,1,PACIFICA,814,5472,1949,NA,1149,NA,Sold,NA,NA,https://www.redfin.com/CA/Pacifica/531-Esplanade-Ave-94044/home/1797650,MLSListings,ML81702878,Y,Y,37.6487085,-122.4929582,"531 Esplanade Ave, Pacifica, CA",46750,3895.8333333333335,3895.8333333333335,baseline_5pct,25.3,256.93460357298324,0.25693460357298326,42.8,2226,153,813,725,154348,1047,97,bluff,3b4c2e1adc46492c5a4bcbf7cca5c7db
PAST SALE,NA,Single Family Residential,527 Esplanade Ave,Pacifica,CA,94044,1174142,4,2,NA,1580,5000,1949,NA,84,NA,NA,NA,NA,https://www.redfin.com/CA/Pacifica/527-Esplanade-Ave-94044/home/1970634,NA,NA,Y,Y,37.6488499,-122.4928936,"527 Esplanade Ave, Pacifica, CA",58707.100000000006,4892.258333333334,4892.258333333334,baseline_5pct,25.36,263.62196506357935,0.2636219650635794,42.8,2226,153,813,725,154348,1047,97,bluff,3b4c2e1adc46492c5a4bcbf7cca5c7db
PAST SALE,NA,Single Family Residential,544 Esplanade Ave,Pacifica,CA,94044,844719,2,1,NA,750,5200,1949,NA,253,NA,NA,NA,NA,https://www.redfin.com/CA/Pacifica/544-Esplanade-Ave-94044/home/581693,NA,NA,Y,Y,37.64834,-122.493391,"544 Esplanade Ave, Pacifica, CA",42235.950000000004,3519.6625000000004,3519.6625000000004,baseline_5pct,24.08,210.078041186925,0.210078041186925,42.8,2226,153,813,725,154348,1047,97,bluff,3b4c2e1adc46492c5a4bcbf7cca5c7db
PAST SALE,NA,Single Family Residential,540 Esplanade Ave,Pacifica,CA,94044,987793,2,1,NA,1430,5200,1949,NA,NA,NA,NA,NA,NA,https://www.redfin.com/CA/Pacifica/540-Esplanade-Ave-94044/home/1055656,NA,NA,Y,Y,37.648487,-122.493383,"540 Esplanade Ave, Pacifica, CA",49389.65,4115.804166666667,4115.804166666667,baseline_5pct,24.02,210.44686293913117,0.21044686293913117,42.8,2226,153,813,725,154348,1047,97,bluff,3b4c2e1adc46492c5a4bcbf7cca5c7db
PAST SALE,NA,Single Family Residential,536 Esplanade Ave,Pacifica,CA,94044,1018337,3,1,NA,1480,5200,1949,NA,45,NA,NA,NA,NA,https://www.redfin.com/CA/Pacifica/536-Esplanade-Ave-94044/home/1861560,NA,NA,Y,Y,37.648618,-122.493336,"536 Esplanade Ave, Pacifica, CA",50916.850000000006,4243.070833333334,4243.070833333334,baseline_5pct,24.23,215.2125184427505,0.2152125184427505,42.8,2226,153,813,725,154348,1047,97,bluff,3b4c2e1adc46492c5a4bcbf7cca5c7db
PAST SALE,February-10-2009,Single Family Residential,532 Esplanade Ave,Pacifica,CA,94044,543090,3,2,Pacific Manor,910,5200,1949,NA,297,NA,Sold,NA,NA,https://www.redfin.com/CA/Pacifica/532-Esplanade-Ave-94044/home/1713998,San Francisco MLS,348033,Y,Y,37.648765,-122.493285,"532 Esplanade Ave, Pacifica, CA",27154.5,2262.875,2262.875,baseline_5pct,24.44,220.3665525377457,0.2203665525377457,42.8,2226,153,813,725,154348,1047,97,bluff,3b4c2e1adc46492c5a4bcbf7cca5c7db
PAST SALE,January-7-2009,Single Family Residential,528 ESPLANADE Ave,Pacifica,CA,94044,795099,3,1,Pacifica,910,5200,1949,NA,412,NA,Sold,NA,NA,https://www.redfin.com/CA/Pacifica/528-Esplanade-Ave-94044/home/1997909,MLSListings,ML80842536,Y,Y,37.6488835,-122.4933131,"528 ESPLANADE Ave, Pacifica, CA",39754.950000000004,3312.9125000000004,3312.9125000000004,baseline_5pct,24.49,216.8191152183026,0.2168191152183026,42.8,2226,153,813,725,154348,1047,97,bluff,3b4c2e1adc46492c5a4bcbf7cca5c7db
