SALE.TYPE,SOLD.DATE,PROPERTY.TYPE,ADDRESS,CITY,STATE.OR.PROVINCE,ZIP.OR.POSTAL.CODE,PRICE,BEDS,BATHS,LOCATION,SQUARE.FEET,LOT.SIZE,YEAR.BUILT,DAYS.ON.MARKET,X..SQUARE.FEET,HOA.MONTH,STATUS,NEXT.OPEN.HOUSE.START.TIME,NEXT.OPEN.HOUSE.END.TIME,URL,SOURCE,MLS.,FAVORITE,INTERESTED,LATITUDE,LONGITUDE,full_address,annual_rental_income,monthly_rental_income,rentalval,rentalval_note,elevation,distance_to_coast_meters,distance_to_coast_km,median_ageE,whiteE,blackE,asianE,hispanicE,median_incomeE,educationE,unemploymentE,hazard_type,property_id
MLS Listing,NA,Single Family Residential,571 Sand Point Rd,Carpinteria,CA,93013,39500000,4,4.5,Sandyland Cove,NA,61855,1992,13,NA,NA,Active,NA,NA,https://www.redfin.com/CA/Carpinteria/571-Sand-Point-Rd-93013/home/21613481,SBMLS,25-3772,N,Y,34.398955,-119.5393746,"571 Sand Point Rd, Carpinteria, CA",1975000,164583.33333333334,164583.33333333334,baseline_5pct,3.63,134.1224132202546,0.1341224132202546,57.8,3413,42,177,901,145066,1101,175,flood,6af1b5213b5ec9f98a2f6f577bce38cc
PAST SALE,October-5-2021,Condo/Co-op,4975 Sandyland Rd,Carpinteria,CA,93013,2135000,2,1,CPTA - Carpinteria,683,868,1964,NA,3126,752,Sold,NA,NA,https://www.redfin.com/CA/Carpinteria/4975-Sandyland-Rd-93013/home/143304649,CRMLS,BB21180651,N,Y,34.3940477,-119.5254722,"4975 Sandyland Rd, Carpinteria, CA",106750,8895.833333333334,8895.833333333334,baseline_5pct,3.99,129.05789604538583,0.12905789604538584,40.8,3225,8,89,1767,106225,1105,204,flood,6af1b5213b5ec9f98a2f6f577bce38cc
PAST SALE,September-12-2023,Condo/Co-op,4975 Sandyland Rd #105,Carpinteria,CA,93013,2550000,2,1,Carpinteria,683,NA,1964,NA,3734,NA,Sold,NA,NA,https://www.redfin.com/CA/Carpinteria/4975-Sandyland-Rd-93013/unit-105/home/21615615,SBMLS,23-2719,N,Y,34.393902,-119.525147,"4975 Sandyland Rd #105, Carpinteria, CA",127500,10625,10625,baseline_5pct,4.06,129.97014644725382,0.12997014644725383,40.8,3225,8,89,1767,106225,1105,204,flood,6af1b5213b5ec9f98a2f6f577bce38cc
PAST SALE,March-19-2021,Single Family Residential,821 Sand Point Rd,Carpinteria,CA,93013,23000000,2,1.5,CARPINTERIA-SUMMERLAND,3500,4598,2004,NA,6571,NA,Sold,NA,NA,https://www.redfin.com/CA/Carpinteria/821-Sand-Point-Rd-93013/home/21611957,SBMLS,21-1008,N,Y,34.4040192,-119.5450254,"821 Sand Point Rd, Carpinteria, CA",1150000,95833.33333333333,95833.33333333333,baseline_5pct,6.07,193.3738431180646,0.1933738431180646,57.8,3413,42,177,901,145066,1101,175,flood,6af1b5213b5ec9f98a2f6f577bce38cc
PAST SALE,May-26-2022,Condo/Co-op,4700 Sandyland Rd #47,Carpinteria,CA,93013,948226,2,2,Sandyland Cove,828,NA,1970,NA,1069,NA,Sold,NA,NA,https://www.redfin.com/CA/Carpinteria/4700-Sandyland-Rd-93013/unit-47/home/21613985,SBMLS,22-1726,N,Y,34.395663,-119.527159,"4700 Sandyland Rd #47, Carpinteria, CA",47411.3,3950.941666666667,3950.941666666667,baseline_5pct,3.66,224.98400668170623,0.22498400668170623,40.8,3225,8,89,1767,106225,1105,204,flood,6af1b5213b5ec9f98a2f6f577bce38cc
PAST SALE,September-2-2021,Condo/Co-op,4755 Sandyland Rd #7,Carpinteria,CA,93013,1134795,2,1,CARPINTERIA-SUMMERLAND,875,NA,1959,NA,1314,NA,Sold,NA,NA,https://www.redfin.com/CA/Carpinteria/4755-Sandyland-Rd-93013/unit-7/home/21614166,SBMLS,21-3311,N,Y,34.395335,-119.527998,"4755 Sandyland Rd #7, Carpinteria, CA",56739.75,4728.3125,4728.3125,baseline_5pct,2.97,140.20197022283054,0.14020197022283054,40.8,3225,8,89,1767,106225,1105,204,flood,6af1b5213b5ec9f98a2f6f577bce38cc
PAST SALE,NA,Condo/Co-op,4975 Sandyland Rd #107,Carpinteria,CA,93013,2135000,2,1,NA,683,NA,1964,NA,3126,NA,NA,NA,NA,https://www.redfin.com/CA/Carpinteria/4975-Sandyland-Rd-93013/unit-107/home/21613653,NA,NA,N,Y,34.393902,-119.525147,"4975 Sandyland Rd #107, Carpinteria, CA",106750,8895.833333333334,8895.833333333334,baseline_5pct,4.06,129.97014644725382,0.12997014644725383,40.8,3225,8,89,1767,106225,1105,204,flood,6af1b5213b5ec9f98a2f6f577bce38cc
PAST SALE,August-20-2021,Condo/Co-op,4950 Sandyland #120,Carpinteria,CA,93013,990480,2,2,CARPINTERIA-SUMMERLAND,744,NA,1962,NA,1156,NA,Sold,NA,NA,https://www.redfin.com/CA/Carpinteria/4950-Sandyland-Rd-93013/unit-120/home/21615638,SBMLS,21-3149,N,Y,34.394428,-119.525032,"4950 Sandyland #120, Carpinteria, CA",49524,4127,4127,baseline_5pct,4.43,197.92190997840748,0.19792190997840747,40.8,3225,8,89,1767,106225,1105,204,flood,6af1b5213b5ec9f98a2f6f577bce38cc
PAST SALE,NA,Condo/Co-op,4950 Sandyland Rd #226,Carpinteria,CA,93013,764729,1,1,NA,514,NA,1964,NA,1167,NA,NA,NA,NA,https://www.redfin.com/CA/Carpinteria/4950-Sandyland-Rd-93013/unit-226/home/21613803,NA,NA,N,Y,34.394428,-119.525032,"4950 Sandyland Rd #226, Carpinteria, CA",38236.450000000004,3186.370833333334,3186.370833333334,baseline_5pct,4.43,197.92190997840748,0.19792190997840747,40.8,3225,8,89,1767,106225,1105,204,flood,6af1b5213b5ec9f98a2f6f577bce38cc
PAST SALE,February-26-2021,Condo/Co-op,4700 Sandyland #48,Carpinteria,CA,93013,1134485,2,2,CARPINTERIA-SUMMERLAND,828,NA,1970,NA,1057,NA,Sold,NA,NA,https://www.redfin.com/CA/Carpinteria/4700-Sandyland-Rd-93013/unit-48/home/21614390,SBMLS,21-262,N,Y,34.395704,-119.52713,"4700 Sandyland #48, Carpinteria, CA",56724.25,4727.020833333333,4727.020833333333,baseline_5pct,3.69,231.38812103142791,0.23138812103142792,40.8,3225,8,89,1767,106225,1105,204,flood,6af1b5213b5ec9f98a2f6f577bce38cc
PAST SALE,May-15-2024,Condo/Co-op,4925 Sandyland Rd #F,Carpinteria,CA,93013,4600000,2,3,Sandyland Cove,1538,NA,1987,NA,2991,NA,Sold,NA,NA,https://www.redfin.com/CA/Carpinteria/4925-Sandyland-Rd-93013/unit-F/home/21613633,SBMLS,24-1344,N,Y,34.3941663,-119.525621,"4925 Sandyland Rd #F, Carpinteria, CA",230000,19166.666666666668,19166.666666666668,baseline_5pct,3.96,134.7219304323713,0.1347219304323713,40.8,3225,8,89,1767,106225,1105,204,flood,6af1b5213b5ec9f98a2f6f577bce38cc
PAST SALE,December-15-2020,Condo/Co-op,4825 Sandyland Rd #6,Carpinteria,CA,93013,2021196,2,2,CARPINTERIA-SUMMERLAND,966,871,1978,NA,1548,NA,Sold,NA,NA,https://www.redfin.com/CA/Carpinteria/4825-Sandyland-Rd-93013/unit-6/home/21612906,SBMLS,20-4020,N,Y,34.394857,-119.526594,"4825 Sandyland Rd #6, Carpinteria, CA",101059.8,8421.65,8421.65,baseline_5pct,3.88,161.82640183427816,0.16182640183427816,40.8,3225,8,89,1767,106225,1105,204,flood,6af1b5213b5ec9f98a2f6f577bce38cc
PAST SALE,February-9-2024,Condo/Co-op,4700 Sandyland Rd #8,Carpinteria,CA,93013,969074,1,1,CARPINTERIA-SUMMERLAND,558,435,1970,NA,1774,NA,Sold,NA,NA,https://www.redfin.com/CA/Carpinteria/4700-Sandyland-Rd-93013/unit-8/home/21614018,SBMLS,24-136,N,Y,34.395763,-119.5277,"4700 Sandyland Rd #8, Carpinteria, CA",48453.700000000004,4037.808333333334,4037.808333333334,baseline_5pct,3.39,206.7930716297301,0.2067930716297301,40.8,3225,8,89,1767,106225,1105,204,flood,6af1b5213b5ec9f98a2f6f577bce38cc
PAST SALE,September-27-2022,Condo/Co-op,4840 Sandyland Rd,Carpinteria,CA,93013,1861784,3,2.5,CARPINTERIA-SUMMERLAND,1275,435,1978,NA,1294,NA,Sold,NA,NA,https://www.redfin.com/CA/Carpinteria/4840-Sandyland-Rd-93013/home/21613793,SBMLS,22-3096,N,Y,34.3953149,-119.526461,"4840 Sandyland Rd, Carpinteria, CA",93089.20000000001,7757.433333333334,7757.433333333334,baseline_5pct,4.11,222.79897836636792,0.22279897836636792,40.8,3225,8,89,1767,106225,1105,204,flood,6af1b5213b5ec9f98a2f6f577bce38cc
PAST SALE,December-20-2024,Condo/Co-op,4700 Sandyland Rd #12,Carpinteria,CA,93013,1135377,2,1,CARPINTERIA-SUMMERLAND,700,871,1970,NA,1586,NA,Sold,NA,NA,https://www.redfin.com/CA/Carpinteria/4700-Sandyland-Rd-93013/unit-12/home/21614014,SBMLS,24-3860,N,Y,34.395656,-119.527397,"4700 Sandyland Rd #12, Carpinteria, CA",56768.850000000006,4730.7375,4730.7375,baseline_5pct,3.46,211.00989398646163,0.21100989398646164,40.8,3225,8,89,1767,106225,1105,204,flood,6af1b5213b5ec9f98a2f6f577bce38cc
PAST SALE,September-1-2022,Condo/Co-op,4950 Sandyland Rd #224,Carpinteria,CA,93013,865425,1,1,Sandyland Cove,540,NA,1962,NA,1574,NA,Sold,NA,NA,https://www.redfin.com/CA/Carpinteria/4950-Sandyland-Rd-93013/unit-224/home/21613801,SBMLS,22-2875,N,Y,34.394428,-119.525032,"4950 Sandyland Rd #224, Carpinteria, CA",43271.25,3605.9375,3605.9375,baseline_5pct,4.43,197.92190997840748,0.19792190997840747,40.8,3225,8,89,1767,106225,1105,204,flood,6af1b5213b5ec9f98a2f6f577bce38cc
PAST SALE,April-7-2021,Condo/Co-op,4709 Sandyland Rd #4,Carpinteria,CA,93013,2015541,1,1,CARPINTERIA-SUMMERLAND,612,NA,1959,NA,2696,NA,Sold,NA,NA,https://www.redfin.com/CA/Carpinteria/4709-Sandyland-Rd-93013/unit-4/home/21614162,SBMLS,21-1021,N,Y,34.395329,-119.5285097,"4709 Sandyland Rd #4, Carpinteria, CA",100777.05,8398.0875,8398.0875,baseline_5pct,2.74,111.21742272684438,0.11121742272684437,40.8,3225,8,89,1767,106225,1105,204,flood,6af1b5213b5ec9f98a2f6f577bce38cc
PAST SALE,July-15-2024,Condo/Co-op,4950 Sandyland Rd #129,Carpinteria,CA,93013,777650,1,1,CARPINTERIA-SUMMERLAND,436,NA,1962,NA,1837,NA,Sold,NA,NA,https://www.redfin.com/CA/Carpinteria/4950-Sandyland-Rd-93013/unit-129/home/21613837,SBMLS,24-1456,N,Y,34.394428,-119.525032,"4950 Sandyland Rd #129, Carpinteria, CA",38882.5,3240.2083333333335,3240.2083333333335,baseline_5pct,4.43,197.92190997840748,0.19792190997840747,40.8,3225,8,89,1767,106225,1105,204,flood,6af1b5213b5ec9f98a2f6f577bce38cc
PAST SALE,June-2-2022,Condo/Co-op,4902 Sandyland Rd #136,Carpinteria,CA,93013,821734,1,1,CPTA - Carpinteria,442,434,1968,NA,1862,438,Sold,NA,NA,https://www.redfin.com/CA/Carpinteria/4902-Sandyland-Rd-93013/unit-136/home/21613846,CRMLS,BB22092020,N,Y,34.3945566,-119.5251608,"4902 Sandyland Rd #136, Carpinteria, CA",41086.700000000004,3423.891666666667,3423.891666666667,baseline_5pct,4.41,205.86244333379747,0.20586244333379747,40.8,3225,8,89,1767,106225,1105,204,flood,6af1b5213b5ec9f98a2f6f577bce38cc
PAST SALE,June-22-2021,Condo/Co-op,4950 Sandyland Rd #220,Carpinteria,CA,93013,1041380,2,1,CARPINTERIA-SUMMERLAND,744,NA,1962,NA,1142,NA,Sold,NA,NA,https://www.redfin.com/CA/Carpinteria/4950-Sandyland-Rd-93013/unit-220/home/21613797,SBMLS,21-1284,N,Y,34.394428,-119.525032,"4950 Sandyland Rd #220, Carpinteria, CA",52069,4339.083333333333,4339.083333333333,baseline_5pct,4.43,197.92190997840748,0.19792190997840747,40.8,3225,8,89,1767,106225,1105,204,flood,6af1b5213b5ec9f98a2f6f577bce38cc
PAST SALE,February-22-2023,Single Family Residential,4923 Sandyland Rd,Carpinteria,CA,93013,8100000,4,3.5,Sandyland Cove,2361,2613,1957,NA,3431,NA,Sold,NA,NA,https://www.redfin.com/CA/Carpinteria/4923-Sandyland-Rd-93013/home/21613403,SBMLS,23-198,N,Y,34.3942179,-119.525802,"4923 Sandyland Rd, Carpinteria, CA",405000,33750,33750,baseline_5pct,3.87,130.76043141445936,0.13076043141445937,40.8,3225,8,89,1767,106225,1105,204,flood,6af1b5213b5ec9f98a2f6f577bce38cc
PAST SALE,November-24-2021,Condo/Co-op,4950 Sandyland Rd #229,Carpinteria,CA,93013,791034,1,1,Sandyland Cove,436,NA,1962,NA,1720,NA,Sold,NA,NA,https://www.redfin.com/CA/Carpinteria/4950-Sandyland-Rd-93013/unit-229/home/21613806,SBMLS,21-4000,N,Y,34.394428,-119.525032,"4950 Sandyland Rd #229, Carpinteria, CA",39551.700000000004,3295.9750000000004,3295.9750000000004,baseline_5pct,4.43,197.92190997840748,0.19792190997840747,40.8,3225,8,89,1767,106225,1105,204,flood,6af1b5213b5ec9f98a2f6f577bce38cc
PAST SALE,January-18-2024,Condo/Co-op,4700 Sandyland Rd #16,Carpinteria,CA,93013,740717,1,1,CPTA - Carpinteria,558,510,1970,NA,1254,825,Sold,NA,NA,https://www.redfin.com/CA/Carpinteria/4700-Sandyland-Rd-93013/unit-16/home/21614011,CRMLS,SR23223244,N,Y,34.395661,-119.527155,"4700 Sandyland Rd #16, Carpinteria, CA",37035.85,3086.320833333333,3086.320833333333,baseline_5pct,3.66,224.970880571991,0.224970880571991,40.8,3225,8,89,1767,106225,1105,204,flood,6af1b5213b5ec9f98a2f6f577bce38cc
PAST SALE,June-5-2024,Condo/Co-op,4700 Sandyland Rd #35,Carpinteria,CA,93013,1066180,2,2,CARPINTERIA-SUMMERLAND,828,435,1970,NA,1164,NA,Sold,NA,NA,https://www.redfin.com/CA/Carpinteria/4700-Sandyland-Rd-93013/unit-35/home/21613995,SBMLS,24-1241,N,Y,34.395816,-119.527522,"4700 Sandyland Rd #35, Carpinteria, CA",53309,4442.416666666667,4442.416666666667,baseline_5pct,3.5,222.8377510235171,0.22283775102351708,40.8,3225,8,89,1767,106225,1105,204,flood,6af1b5213b5ec9f98a2f6f577bce38cc
PAST SALE,January-13-2023,Single Family Residential,4595 Avenue Del Mar,Carpinteria,CA,93013,12500000,5,3.5,CARPINTERIA-SUMMERLAND,2762,11325,1981,NA,4526,NA,Sold,NA,NA,https://www.redfin.com/CA/Carpinteria/4595-Del-Mar-Ave-93013/home/21614271,SBMLS,22-3572,N,Y,34.395382,-119.529523,"4595 Avenue Del Mar, Carpinteria, CA",625000,52083.333333333336,52083.333333333336,baseline_5pct,2.4,74.87172253703257,0.07487172253703257,40.8,3225,8,89,1767,106225,1105,204,flood,6af1b5213b5ec9f98a2f6f577bce38cc
PAST SALE,NA,Condo/Co-op,4950 Sandyland Rd #223,Carpinteria,CA,93013,773843,1,1,NA,574,NA,1962,NA,836,NA,NA,NA,NA,https://www.redfin.com/CA/Carpinteria/4950-Sandyland-Rd-93013/unit-223/home/21613800,NA,NA,N,Y,34.394428,-119.525032,"4950 Sandyland Rd #223, Carpinteria, CA",38692.15,3224.3458333333333,3224.3458333333333,baseline_5pct,4.43,197.92190997840748,0.19792190997840747,40.8,3225,8,89,1767,106225,1105,204,flood,6af1b5213b5ec9f98a2f6f577bce38cc
PAST SALE,October-15-2024,Single Family Residential,4815 Sandyland Rd #A,Carpinteria,CA,93013,3965000,4,4,CARPINTERIA-SUMMERLAND,2196,NA,2009,NA,1806,NA,Sold,NA,NA,https://www.redfin.com/CA/Carpinteria/4815-Sandyland-Rd-93013/unit-A/home/40438526,SBMLS,24-2661,N,Y,34.3948611,-119.5269026,"4815 Sandyland Rd #A, Carpinteria, CA",198250,16520.833333333332,16520.833333333332,baseline_5pct,3.59,145.25004119831573,0.14525004119831572,40.8,3225,8,89,1767,106225,1105,204,flood,6af1b5213b5ec9f98a2f6f577bce38cc
PAST SALE,August-9-2022,Single Family Residential,607 Sand Point Rd,Carpinteria,CA,93013,23000000,4,4,CARPINTERIA-SUMMERLAND,3476,52272,1963,NA,6617,NA,Sold,NA,NA,https://www.redfin.com/CA/Carpinteria/607-Sand-Point-Rd-93013/home/21612920,SBMLS,22-1347,N,Y,34.3994895,-119.5400456,"607 Sand Point Rd, Carpinteria, CA",1150000,95833.33333333333,95833.33333333333,baseline_5pct,3.03,134.63751014010612,0.1346375101401061,57.8,3413,42,177,901,145066,1101,175,flood,6af1b5213b5ec9f98a2f6f577bce38cc
PAST SALE,NA,Single Family Residential,4315 Del Mar Ave,Carpinteria,CA,93013,8000000,2,3,NA,1922,13068,1930,NA,4162,NA,NA,NA,NA,https://www.redfin.com/CA/Carpinteria/4315-Del-Mar-Ave-93013/home/21614292,NA,NA,N,Y,34.3967051,-119.5341613,"4315 Del Mar Ave, Carpinteria, CA",400000,33333.333333333336,33333.333333333336,baseline_5pct,2.83,187.67843590475232,0.18767843590475233,40.8,3225,8,89,1767,106225,1105,204,flood,6af1b5213b5ec9f98a2f6f577bce38cc
PAST SALE,January-23-2025,Condo/Co-op,4975 Sandyland Rd #109,Carpinteria,CA,93013,3200000,2,1,CARPINTERIA-SUMMERLAND,683,871,1964,NA,4685,NA,Sold,NA,NA,https://www.redfin.com/CA/Carpinteria/4975-Sandyland-Rd-93013/unit-109/home/21613652,SBMLS,24-3157,N,Y,34.393902,-119.525147,"4975 Sandyland Rd #109, Carpinteria, CA",160000,13333.333333333334,13333.333333333334,baseline_5pct,4.06,129.97014644725382,0.12997014644725383,40.8,3225,8,89,1767,106225,1105,204,flood,6af1b5213b5ec9f98a2f6f577bce38cc
PAST SALE,June-7-2021,Condo/Co-op,4975 Sandyland Rd #206,Carpinteria,CA,93013,1171645,2,1,CARPINTERIA-SUMMERLAND,683,NA,1964,NA,1977,NA,Sold,NA,NA,https://www.redfin.com/CA/Carpinteria/4975-Sandyland-Rd-93013/unit-206/home/21613644,SBMLS,21-305,N,Y,34.393902,-119.525147,"4975 Sandyland Rd #206, Carpinteria, CA",58582.25,4881.854166666667,4881.854166666667,baseline_5pct,4.06,129.97014644725382,0.12997014644725383,40.8,3225,8,89,1767,106225,1105,204,flood,6af1b5213b5ec9f98a2f6f577bce38cc
PAST SALE,September-4-2024,Condo/Co-op,4950 Sandyland Rd #230,Carpinteria,CA,93013,749056,1,1,CARPINTERIA-SUMMERLAND,436,NA,1962,NA,1718,NA,Sold,NA,NA,https://www.redfin.com/CA/Carpinteria/4950-Sandyland-Rd-93013/unit-230/home/21613807,SBMLS,24-433,N,Y,34.394428,-119.525032,"4950 Sandyland Rd #230, Carpinteria, CA",37452.8,3121.066666666667,3121.066666666667,baseline_5pct,4.43,197.92190997840748,0.19792190997840747,40.8,3225,8,89,1767,106225,1105,204,flood,6af1b5213b5ec9f98a2f6f577bce38cc
PAST SALE,NA,Single Family Residential,4755 Sandyland Rd #6,Carpinteria,CA,93013,1200425,2,1,NA,875,871,1959,NA,1337,NA,NA,NA,NA,https://www.redfin.com/CA/Carpinteria/4755-Sandyland-Rd-93013/unit-6/home/21614167,NA,NA,N,Y,34.395378,-119.5279833,"4755 Sandyland Rd #6, Carpinteria, CA",60021.25,5001.770833333333,5001.770833333333,baseline_5pct,3,146.0499046999814,0.1460499046999814,40.8,3225,8,89,1767,106225,1105,204,flood,6af1b5213b5ec9f98a2f6f577bce38cc
PAST SALE,NA,Condo/Co-op,4975 Sandyland Rd #210,Carpinteria,CA,93013,1375728,2,1,NA,683,NA,1964,NA,2236,NA,NA,NA,NA,https://www.redfin.com/CA/Carpinteria/4975-Sandyland-Rd-93013/unit-210/home/21613639,NA,NA,N,Y,34.393902,-119.525147,"4975 Sandyland Rd #210, Carpinteria, CA",68786.40000000001,5732.200000000001,5732.200000000001,baseline_5pct,4.06,129.97014644725382,0.12997014644725383,40.8,3225,8,89,1767,106225,1105,204,flood,6af1b5213b5ec9f98a2f6f577bce38cc
PAST SALE,July-6-2011,Condo/Co-op,4825 Sandyland Rd #4,Carpinteria,CA,93013,2245729,2,2,Sandyland Cove,966,NA,1978,NA,1128,NA,Sold,NA,NA,https://www.redfin.com/CA/Carpinteria/4825-Sandyland-Rd-93013/unit-4/home/21612908,SBMLS,11-380,Y,Y,34.394747,-119.526726,"4825 Sandyland Rd #4, Carpinteria, CA",112286.45000000001,9357.204166666668,9357.204166666668,baseline_5pct,3.66,141.6493746690483,0.1416493746690483,40.8,3225,8,89,1767,106225,1105,204,flood,6af1b5213b5ec9f98a2f6f577bce38cc
PAST SALE,NA,Condo/Co-op,4825 Sandyland Rd #7,Carpinteria,CA,93013,973706,2,2,NA,966,NA,1978,NA,NA,NA,NA,NA,NA,https://www.redfin.com/CA/Carpinteria/4825-Sandyland-Rd-93013/unit-7/home/21612905,NA,NA,Y,Y,34.3948,-119.526516,"4825 Sandyland Rd #7, Carpinteria, CA",48685.3,4057.1083333333336,4057.1083333333336,baseline_5pct,3.86,159.4626353960458,0.1594626353960458,40.8,3225,8,89,1767,106225,1105,204,flood,6af1b5213b5ec9f98a2f6f577bce38cc
PAST SALE,NA,Condo/Co-op,4825 Sandyland Rd #8,Carpinteria,CA,93013,974260,2,2,NA,966,NA,1978,NA,NA,NA,NA,NA,NA,https://www.redfin.com/CA/Carpinteria/4825-Sandyland-Rd-93013/unit-8/home/21612904,NA,NA,Y,Y,34.394714,-119.526593,"4825 Sandyland Rd #8, Carpinteria, CA",48713,4059.4166666666665,4059.4166666666665,baseline_5pct,3.72,145.13596177259672,0.14513596177259672,40.8,3225,8,89,1767,106225,1105,204,flood,6af1b5213b5ec9f98a2f6f577bce38cc
PAST SALE,July-22-2003,Condo/Co-op,4880 Sandyland Apt 12 Rd,Carpinteria,CA,93013-2318,803335,1,1,Carpinteria,NA,NA,1962,NA,NA,NA,Sold,NA,NA,https://www.redfin.com/CA/Carpinteria/4880-Sandyland-Rd-93013/unit-12/home/21614237,SBMLS,03-1391,Y,Y,34.394871,-119.525729,"4880 Sandyland Apt 12 Rd, Carpinteria, CA",40166.75,3347.2291666666665,3347.2291666666665,baseline_5pct,4.31,211.27484437480555,0.21127484437480556,40.8,3225,8,89,1767,106225,1105,204,flood,6af1b5213b5ec9f98a2f6f577bce38cc
PAST SALE,December-6-2004,Condo/Co-op,879 Sand Point Rd,Carpinteria,CA,93013-1107,5250000,5,4.5,CARPINTERIA-SUMMERLAND,NA,NA,2003,NA,NA,NA,Sold,NA,NA,https://www.redfin.com/CA/Carpinteria/879-Sand-Point-Rd-93013/home/21611780,SBMLS,04-4120,Y,Y,34.4055391,-119.5475253,"879 Sand Point Rd, Carpinteria, CA",262500,21875,21875,baseline_5pct,4.82,149.32406213971532,0.14932406213971533,57.8,3413,42,177,901,145066,1101,175,flood,6af1b5213b5ec9f98a2f6f577bce38cc
PAST SALE,NA,Single Family Residential,877 Sand Point Rd,Carpinteria,CA,93013,9530659,3,5,NA,4734,8712,1997,NA,NA,NA,NA,NA,NA,https://www.redfin.com/CA/Carpinteria/877-Sand-Point-Rd-93013/home/21611781,NA,NA,Y,Y,34.4053383,-119.5474274,"877 Sand Point Rd, Carpinteria, CA",476532.95,39711.07916666667,39711.07916666667,baseline_5pct,4.14,137.2697541061382,0.1372697541061382,57.8,3413,42,177,901,145066,1101,175,flood,6af1b5213b5ec9f98a2f6f577bce38cc
PAST SALE,NA,Single Family Residential,871 Sand Point Rd,Carpinteria,CA,93013,4700000,4,4,NA,5235,6534,1997,NA,898,NA,NA,NA,NA,https://www.redfin.com/CA/Carpinteria/871-Sand-Point-Rd-93013/home/21611784,NA,NA,Y,Y,34.4047826,-119.5469257,"871 Sand Point Rd, Carpinteria, CA",235000,19583.333333333332,19583.333333333332,baseline_5pct,6.68,121.66097803533599,0.12166097803533599,57.8,3413,42,177,901,145066,1101,175,flood,6af1b5213b5ec9f98a2f6f577bce38cc
PAST SALE,June-6-2014,Single Family Residential,869 Sand Point Rd,Carpinteria,CA,93013,8650000,6,5,CARPINTERIA-SUMMERLAND,5742,NA,1996,NA,1506,NA,Sold,NA,NA,https://www.redfin.com/CA/Carpinteria/869-Sand-Point-Rd-93013/home/21523736,SBMLS,14-1791,Y,Y,34.4045559,-119.5467092,"869 Sand Point Rd, Carpinteria, CA",432500,36041.666666666664,36041.666666666664,baseline_5pct,4.42,116.20333143523528,0.11620333143523529,57.8,3413,42,177,901,145066,1101,175,flood,6af1b5213b5ec9f98a2f6f577bce38cc
PAST SALE,NA,Single Family Residential,863 Sand Point Rd,Carpinteria,CA,93013,1217608,2,1,NA,780,37026,1961,NA,NA,NA,NA,NA,NA,https://www.redfin.com/CA/Carpinteria/863-Sand-Point-Rd-93013/home/21611954,NA,NA,Y,Y,34.4050479,-119.5457756,"863 Sand Point Rd, Carpinteria, CA",60880.4,5073.366666666667,5073.366666666667,baseline_5pct,8.14,236.00064214432007,0.23600064214432007,57.8,3413,42,177,901,145066,1101,175,flood,6af1b5213b5ec9f98a2f6f577bce38cc
PAST SALE,NA,Single Family Residential,845 Sand Point Rd,Carpinteria,CA,93013,6100000,3,4,NA,2241,46174,1977,NA,2722,NA,NA,NA,NA,https://www.redfin.com/CA/Carpinteria/845-Sand-Point-Rd-93013/home/21611953,NA,NA,Y,Y,34.4045688,-119.5458531,"845 Sand Point Rd, Carpinteria, CA",305000,25416.666666666668,25416.666666666668,baseline_5pct,7.35,183.31165828554467,0.18331165828554466,57.8,3413,42,177,901,145066,1101,175,flood,6af1b5213b5ec9f98a2f6f577bce38cc
PAST SALE,May-8-2012,Single Family Residential,841 Sand Point Rd,Carpinteria,CA,93013,5225000,4,4,Santa Barbara,2395,45738,1973,NA,2182,NA,Sold,NA,NA,https://www.redfin.com/CA/Carpinteria/841-Sand-Point-Rd-93013/home/21612178,SBMLS,11-2580,Y,Y,34.4044467,-119.5456102,"841 Sand Point Rd, Carpinteria, CA",261250,21770.833333333332,21770.833333333332,baseline_5pct,7.2,190.0865637018343,0.1900865637018343,57.8,3413,42,177,901,145066,1101,175,flood,6af1b5213b5ec9f98a2f6f577bce38cc
PAST SALE,NA,Single Family Residential,835 Sand Point Rd,Carpinteria,CA,93013,8549593,6,5,NA,5475,59677,2006,NA,311,NA,NA,NA,NA,https://www.redfin.com/CA/Carpinteria/835-Sand-Point-Rd-93013/home/21611956,NA,NA,Y,Y,34.4042248,-119.5453239,"835 Sand Point Rd, Carpinteria, CA",427479.65,35623.30416666667,35623.30416666667,baseline_5pct,6.64,190.4660886008761,0.1904660886008761,57.8,3413,42,177,901,145066,1101,175,flood,6af1b5213b5ec9f98a2f6f577bce38cc
PAST SALE,April-13-2012,Single Family Residential,815 Sand Point Rd,Carpinteria,CA,93013,5500000,3,2,Carpinteria,2198,96703,1977,NA,2502,NA,Sold,NA,NA,https://www.redfin.com/CA/Carpinteria/815-Sand-Point-Rd-93013/home/21611962,SBMLS,11-2340,Y,Y,34.4037732,-119.5447663,"815 Sand Point Rd, Carpinteria, CA",275000,22916.666666666668,22916.666666666668,baseline_5pct,5.39,189.31078554736487,0.18931078554736488,57.8,3413,42,177,901,145066,1101,175,flood,6af1b5213b5ec9f98a2f6f577bce38cc
PAST SALE,January-22-1993,Single Family Residential,805 Sand Pt,Carpinteria,CA,93013,8196862,4,3,CARPINTERIA-SUMMERLAND,NA,100188,1964,NA,NA,NA,Sold,NA,NA,https://www.redfin.com/CA/Carpinteria/805-Sand-Point-Rd-93013/home/21611955,SBMLS,92-2430,Y,Y,34.4034328,-119.5444334,"805 Sand Pt, Carpinteria, CA",409843.10000000003,34153.59166666667,34153.59166666667,baseline_5pct,5.09,181.71749047281713,0.18171749047281713,57.8,3413,42,177,901,145066,1101,175,flood,6af1b5213b5ec9f98a2f6f577bce38cc
PAST SALE,February-1-2019,Single Family Residential,791 Sand Point Rd,Carpinteria,CA,93013,9725000,3,2.5,Sandyland Cove,2300,118483,1957,NA,4228,NA,Sold,NA,NA,https://www.redfin.com/CA/Carpinteria/791-Sand-Point-Rd-93013/home/21611958,SBMLS,18-3403,Y,Y,34.4030894,-119.5441881,"791 Sand Point Rd, Carpinteria, CA",486250,40520.833333333336,40520.833333333336,baseline_5pct,4.79,167.09365463513438,0.1670936546351344,57.8,3413,42,177,901,145066,1101,175,flood,6af1b5213b5ec9f98a2f6f577bce38cc
PAST SALE,NA,Single Family Residential,775 Sand Point Rd,Carpinteria,CA,93013,4330857,2,2,NA,1530,108464,1952,NA,NA,NA,NA,NA,NA,https://www.redfin.com/CA/Carpinteria/775-Sand-Point-Rd-93013/home/21611952,NA,NA,Y,Y,34.4027754,-119.5437832,"775 Sand Point Rd, Carpinteria, CA",216542.85,18045.2375,18045.2375,baseline_5pct,4.52,167.61357534518174,0.16761357534518173,57.8,3413,42,177,901,145066,1101,175,flood,6af1b5213b5ec9f98a2f6f577bce38cc
PAST SALE,April-29-2011,Single Family Residential,755 Sand Point Rd,Carpinteria,CA,93013,5000000,2,2.5,Carpinteria,NA,NA,1945,NA,NA,NA,Sold,NA,NA,https://www.redfin.com/CA/Carpinteria/755-Sand-Point-Rd-93013/home/21611951,SBMLS,11-1583,Y,Y,34.4021823,-119.5432306,"755 Sand Point Rd, Carpinteria, CA",250000,20833.333333333332,20833.333333333332,baseline_5pct,3.87,152.274026523392,0.152274026523392,57.8,3413,42,177,901,145066,1101,175,flood,6af1b5213b5ec9f98a2f6f577bce38cc
PAST SALE,October-28-2011,Single Family Residential,745 Sand Point Rd,Carpinteria,CA,93013,3415000,3,3,Carpinteria,2200,46609,1940,NA,1552,NA,Sold,NA,NA,https://www.redfin.com/CA/Carpinteria/745-Sand-Point-Rd-93013/home/21612179,SBMLS,11-1165,Y,Y,34.4019853,-119.5430241,"745 Sand Point Rd, Carpinteria, CA",170750,14229.166666666666,14229.166666666666,baseline_5pct,3.56,148.94449374950287,0.14894449374950286,57.8,3413,42,177,901,145066,1101,175,flood,6af1b5213b5ec9f98a2f6f577bce38cc
PAST SALE,March-25-2014,Single Family Residential,735 Sand Point Rd,Carpinteria,CA,93013,5850000,4,6,Carpinteria-summerland,3044,NA,1956,NA,1922,NA,Sold,NA,NA,https://www.redfin.com/CA/Carpinteria/735-Sand-Point-Rd-93013/home/21611961,SBMLS,14-903,Y,Y,34.4019815,-119.542795,"735 Sand Point Rd, Carpinteria, CA",292500,24375,24375,baseline_5pct,3.68,166.19597421861923,0.16619597421861923,57.8,3413,42,177,901,145066,1101,175,flood,6af1b5213b5ec9f98a2f6f577bce38cc
PAST SALE,NA,Single Family Residential,721 Sand Point Rd,Carpinteria,CA,93013,5540325,4,5,NA,4305,18295,1999,NA,NA,NA,NA,NA,NA,https://www.redfin.com/CA/Carpinteria/721-Sand-Point-Rd-93013/home/21611950,NA,NA,Y,Y,34.4018647,-119.5425657,"721 Sand Point Rd, Carpinteria, CA",277016.25,23084.6875,23084.6875,baseline_5pct,3.51,172.4420561428832,0.1724420561428832,57.8,3413,42,177,901,145066,1101,175,flood,6af1b5213b5ec9f98a2f6f577bce38cc
PAST SALE,April-25-2014,Single Family Residential,711 Sand Point Rd,Carpinteria,CA,93013,7100000,4,3,Sandyland Cove,2634,274428,1952,NA,2696,NA,Sold,NA,NA,https://www.redfin.com/CA/Carpinteria/711-Sand-Point-Rd-93013/home/21611949,SBMLS,14-1297,Y,Y,34.4016981,-119.5423044,"711 Sand Point Rd, Carpinteria, CA",355000,29583.333333333332,29583.333333333332,baseline_5pct,3.31,176.2926196956978,0.1762926196956978,57.8,3413,42,177,901,145066,1101,175,flood,6af1b5213b5ec9f98a2f6f577bce38cc
PAST SALE,July-11-2006,Single Family Residential,701 Sand Point Rd,Carpinteria,CA,93013-1105,7200000,3,3.5,Sandyland Cove,NA,130680,1982,NA,NA,NA,Sold,NA,NA,https://www.redfin.com/CA/Carpinteria/701-Sand-Point-Rd-93013/home/21611960,SBMLS,06-137,Y,Y,34.4013214,-119.5418909,"701 Sand Point Rd, Carpinteria, CA",360000,30000,30000,baseline_5pct,2.94,171.35952137942502,0.171359521379425,57.8,3413,42,177,901,145066,1101,175,flood,6af1b5213b5ec9f98a2f6f577bce38cc
PAST SALE,December-11-2008,Single Family Residential,685 Sand Point Rd,Carpinteria,CA,93013,7290000,3,4,Padaro,NA,131986,1961,NA,NA,NA,Sold,NA,NA,https://www.redfin.com/CA/Carpinteria/685-Sand-Point-Rd-93013/home/21611959,SBMLS,07-4753,Y,Y,34.4011155,-119.5416655,"685 Sand Point Rd, Carpinteria, CA",364500,30375,30375,baseline_5pct,2.88,168.6159509050609,0.1686159509050609,57.8,3413,42,177,901,145066,1101,175,flood,6af1b5213b5ec9f98a2f6f577bce38cc
PAST SALE,NA,Single Family Residential,671 Sand Point Rd,Carpinteria,CA,93013,3693109,4,4,NA,3030,74052,1965,NA,NA,NA,NA,NA,NA,https://www.redfin.com/CA/Carpinteria/671-Sand-Point-Rd-93013/home/21613482,NA,NA,Y,Y,34.4008581,-119.5414381,"671 Sand Point Rd, Carpinteria, CA",184655.45,15387.954166666668,15387.954166666668,baseline_5pct,2.77,161.00358373749808,0.16100358373749807,57.8,3413,42,177,901,145066,1101,175,flood,6af1b5213b5ec9f98a2f6f577bce38cc
PAST SALE,March-9-2004,Single Family Residential,657 Sand Point Rd,Carpinteria,CA,93013-1103,7235000,4,4,Sandyland Cove,4100,NA,1979,NA,1765,NA,Sold,NA,NA,https://www.redfin.com/CA/Carpinteria/657-Sand-Point-Rd-93013/home/21612924,SBMLS,03-1204,Y,Y,34.4006401,-119.5411437,"657 Sand Point Rd, Carpinteria, CA",361750,30145.833333333332,30145.833333333332,baseline_5pct,2.85,162.38743636734787,0.16238743636734787,57.8,3413,42,177,901,145066,1101,175,flood,6af1b5213b5ec9f98a2f6f577bce38cc
PAST SALE,March-6-2015,Single Family Residential,645 Sand Point Rd,Carpinteria,CA,93013,9100000,3,3,CARPINTERIA-SUMMERLAND,2358,65340,1962,NA,3859,NA,Sold,NA,NA,https://www.redfin.com/CA/Carpinteria/645-Sand-Point-Rd-93013/home/21612923,SBMLS,15-44,Y,Y,34.400307,-119.5408851,"645 Sand Point Rd, Carpinteria, CA",455000,37916.666666666664,37916.666666666664,baseline_5pct,2.8,149.7922677995291,0.1497922677995291,57.8,3413,42,177,901,145066,1101,175,flood,6af1b5213b5ec9f98a2f6f577bce38cc
PAST SALE,NA,Single Family Residential,635 Sand Point Rd,Carpinteria,CA,93013,3046421,3,3,NA,2341,65340,1961,NA,NA,NA,NA,NA,NA,https://www.redfin.com/CA/Carpinteria/635-Sand-Point-Rd-93013/home/21612922,NA,NA,Y,Y,34.4000126,-119.5406023,"635 Sand Point Rd, Carpinteria, CA",152321.05000000002,12693.420833333335,12693.420833333335,baseline_5pct,2.9,142.83295003871692,0.1428329500387169,57.8,3413,42,177,901,145066,1101,175,flood,6af1b5213b5ec9f98a2f6f577bce38cc
PAST SALE,November-30-2004,Single Family Residential,625 Sand Point Rd,Carpinteria,CA,93013-1103,8500000,4,4,Padaro,NA,NA,NA,NA,NA,NA,Sold,NA,NA,https://www.redfin.com/CA/Carpinteria/625-Sand-Point-Rd-93013/home/21612921,SBMLS,04-2545,Y,Y,34.399781,-119.5403518,"625 Sand Point Rd, Carpinteria, CA",425000,35416.666666666664,35416.666666666664,baseline_5pct,3.06,139.5139220954549,0.13951392209545488,57.8,3413,42,177,901,145066,1101,175,flood,6af1b5213b5ec9f98a2f6f577bce38cc
PAST SALE,April-27-2010,Single Family Residential,591 Sand Point Rd,Carpinteria,CA,93013,16250000,5,6,Padaro,NA,95832,2003,NA,NA,NA,Sold,NA,NA,https://www.redfin.com/CA/Carpinteria/591-Sand-Point-Rd-93013/home/21612919,SBMLS,08-3054,Y,Y,34.3992475,-119.5397338,"591 Sand Point Rd, Carpinteria, CA",812500,67708.33333333333,67708.33333333333,baseline_5pct,3.24,135.0194744991255,0.1350194744991255,57.8,3413,42,177,901,145066,1101,175,flood,6af1b5213b5ec9f98a2f6f577bce38cc
PAST SALE,NA,Single Family Residential,551 Sand Point Rd,Carpinteria,CA,93013,9650000,3,4,NA,2395,62291,2003,NA,4029,NA,NA,NA,NA,https://www.redfin.com/CA/Carpinteria/551-Sand-Point-Rd-93013/home/21612918,NA,NA,Y,Y,34.3986396,-119.5391096,"551 Sand Point Rd, Carpinteria, CA",482500,40208.333333333336,40208.333333333336,baseline_5pct,3.94,123.74637524665141,0.12374637524665141,57.8,3413,42,177,901,145066,1101,175,flood,6af1b5213b5ec9f98a2f6f577bce38cc
PAST SALE,March-17-1994,Single Family Residential,4217 Avenue Del Mar,Carpinteria,CA,93013,17063135,9,9.5,CARPINTERIA-SUMMERLAND,NA,60984,1001,NA,NA,NA,Sold,NA,NA,https://www.redfin.com/CA/Carpinteria/4217-Del-Mar-Ave-93013/home/21614298,SBMLS,93-3617,Y,Y,34.3967633,-119.53613,"4217 Avenue Del Mar, Carpinteria, CA",853156.75,71096.39583333333,71096.39583333333,baseline_5pct,2.97,168.17713064500552,0.16817713064500553,40.8,3225,8,89,1767,106225,1105,204,flood,6af1b5213b5ec9f98a2f6f577bce38cc
PAST SALE,NA,Single Family Residential,4237 Del Mar Ave,Carpinteria,CA,93013,6429504,5,5,NA,4900,43996,1950,NA,NA,NA,NA,NA,NA,https://www.redfin.com/CA/Carpinteria/4237-Del-Mar-Ave-93013/home/21614297,NA,NA,Y,Y,34.396784,-119.5357877,"4237 Del Mar Ave, Carpinteria, CA",321475.2,26789.600000000002,26789.600000000002,baseline_5pct,2.9,175.69327591476437,0.17569327591476436,40.8,3225,8,89,1767,106225,1105,204,flood,6af1b5213b5ec9f98a2f6f577bce38cc
PAST SALE,February-28-2013,Single Family Residential,4257 Avenue Del Mar,Carpinteria,CA,93013,14000000,6,6,Sandyland Cove,5000,39204,1940,NA,2800,NA,Sold,NA,NA,https://www.redfin.com/CA/Carpinteria/4257-Del-Mar-Ave-93013/home/21615384,SBMLS,11-1625,Y,Y,34.3967947,-119.5355011,"4257 Avenue Del Mar, Carpinteria, CA",700000,58333.333333333336,58333.333333333336,baseline_5pct,2.9,181.09867061244475,0.18109867061244475,40.8,3225,8,89,1767,106225,1105,204,flood,6af1b5213b5ec9f98a2f6f577bce38cc
PAST SALE,November-17-2004,Single Family Residential,4267 Avenue Del Mar,Carpinteria,CA,93013,15000000,9,7,Sandyland Cove,3860,45738,1930,NA,3886,NA,Sold,NA,NA,https://www.redfin.com/CA/Carpinteria/4267-Del-Mar-Ave-93013/home/21614296,SBMLS,04-3325,Y,Y,34.3968569,-119.5352062,"4267 Avenue Del Mar, Carpinteria, CA",750000,62500,62500,baseline_5pct,2.88,193.51285835529478,0.19351285835529478,40.8,3225,8,89,1767,106225,1105,204,flood,6af1b5213b5ec9f98a2f6f577bce38cc
PAST SALE,NA,Single Family Residential,4271 Del Mar Ave,Carpinteria,CA,93013,8190169,5,6,NA,5556,37462,1947,NA,NA,NA,NA,NA,NA,https://www.redfin.com/CA/Carpinteria/4271-Del-Mar-Ave-93013/home/21614295,NA,NA,Y,Y,34.396586,-119.534908,"4271 Del Mar Ave, Carpinteria, CA",409508.45,34125.70416666667,34125.70416666667,baseline_5pct,2.67,161.38445839709013,0.16138445839709012,40.8,3225,8,89,1767,106225,1105,204,flood,6af1b5213b5ec9f98a2f6f577bce38cc
PAST SALE,February-1-1993,Single Family Residential,4285 Avenue Del Mar,Carpinteria,CA,93013,9886059,6,4.5,CARPINTERIA-SUMMERLAND,NA,NA,1938,NA,NA,NA,Sold,NA,NA,https://www.redfin.com/CA/Carpinteria/4285-Del-Mar-Ave-93013/home/21614294,SBMLS,91-4249,Y,Y,34.3967894,-119.534689,"4285 Avenue Del Mar, Carpinteria, CA",494302.95,41191.9125,41191.9125,baseline_5pct,2.87,191.64727605644754,0.19164727605644755,40.8,3225,8,89,1767,106225,1105,204,flood,6af1b5213b5ec9f98a2f6f577bce38cc
PAST SALE,NA,Single Family Residential,4307 Del Mar Ave,Carpinteria,CA,93013,1840814,1,3,NA,1432,14375,1947,NA,NA,NA,NA,NA,NA,https://www.redfin.com/CA/Carpinteria/4307-Del-Mar-Ave-93013/home/95965122,NA,NA,Y,Y,34.395977,-119.534326,"4307 Del Mar Ave, Carpinteria, CA",92040.70000000001,7670.058333333334,7670.058333333334,baseline_5pct,2.22,87.9331583339396,0.0879331583339396,40.8,3225,8,89,1767,106225,1105,204,flood,6af1b5213b5ec9f98a2f6f577bce38cc
PAST SALE,December-18-2006,Single Family Residential,4301 Avenue Del Mar,Carpinteria,CA,93017,6000000,3,3,Carpinteria,NA,NA,1938,NA,NA,NA,Sold,NA,NA,https://www.redfin.com/CA/Carpinteria/4301-Del-Mar-Ave-93013/home/95965125,SBMLS,06-5745,Y,Y,34.396478,-119.534416,"4301 Avenue Del Mar, Carpinteria, CA",300000,25000,25000,baseline_5pct,2.51,153.74829848652578,0.15374829848652577,40.8,3225,8,89,1767,106225,1105,204,flood,6af1b5213b5ec9f98a2f6f577bce38cc
PAST SALE,NA,Single Family Residential,4327 Del Mar Ave,Carpinteria,CA,93013,3210156,3,3,NA,1904,23087,1931,NA,NA,NA,NA,NA,NA,https://www.redfin.com/CA/Carpinteria/4327-Del-Mar-Ave-93013/home/21614291,NA,NA,Y,Y,34.3966596,-119.5339743,"4327 Del Mar Ave, Carpinteria, CA",160507.80000000002,13375.650000000001,13375.650000000001,baseline_5pct,2.82,184.1802303694745,0.18418023036947448,40.8,3225,8,89,1767,106225,1105,204,flood,6af1b5213b5ec9f98a2f6f577bce38cc
PAST SALE,NA,Single Family Residential,4347 Del Mar Ave,Carpinteria,CA,93013,3108973,6,3,NA,2257,22651,1950,NA,NA,NA,NA,NA,NA,https://www.redfin.com/CA/Carpinteria/4347-Del-Mar-Ave-93013/home/21614290,NA,NA,Y,Y,34.3966383,-119.5337054,"4347 Del Mar Ave, Carpinteria, CA",155448.65,12954.054166666667,12954.054166666667,baseline_5pct,2.88,185.0567755108031,0.1850567755108031,40.8,3225,8,89,1767,106225,1105,204,flood,6af1b5213b5ec9f98a2f6f577bce38cc
PAST SALE,March-22-2002,Single Family Residential,4365 Del Mar Ave,Carpinteria,CA,93013-3313,6317028,2,2,Sandyland Cove,NA,NA,NA,NA,NA,NA,Sold,NA,NA,https://www.redfin.com/CA/Carpinteria/4365-Del-Mar-Ave-93013/home/21614289,SBMLS,01-2859,Y,Y,34.3965544,-119.5334623,"4365 Del Mar Ave, Carpinteria, CA",315851.4,26320.95,26320.95,baseline_5pct,2.8,177.19611918144153,0.17719611918144154,40.8,3225,8,89,1767,106225,1105,204,flood,6af1b5213b5ec9f98a2f6f577bce38cc
PAST SALE,NA,Single Family Residential,4377 Del Mar Ave,Carpinteria,CA,93013,7818137,3,3,NA,2875,17424,1925,NA,NA,NA,NA,NA,NA,https://www.redfin.com/CA/Carpinteria/4377-Del-Mar-Ave-93013/home/21615382,NA,NA,Y,Y,34.396214,-119.533268,"4377 Del Mar Ave, Carpinteria, CA",390906.85000000003,32575.570833333335,32575.570833333335,baseline_5pct,1.73,134.32437009274113,0.13432437009274115,40.8,3225,8,89,1767,106225,1105,204,flood,6af1b5213b5ec9f98a2f6f577bce38cc
PAST SALE,NA,Single Family Residential,4387 Del Mar Ave,Carpinteria,CA,93013,3650740,2,4,NA,2486,10890,1999,NA,NA,NA,NA,NA,NA,https://www.redfin.com/CA/Carpinteria/4387-Del-Mar-Ave-93013/home/21615383,NA,NA,Y,Y,34.396189,-119.533103,"4387 Del Mar Ave, Carpinteria, CA",182537,15211.416666666666,15211.416666666666,baseline_5pct,2.26,133.26530166565857,0.13326530166565856,40.8,3225,8,89,1767,106225,1105,204,flood,6af1b5213b5ec9f98a2f6f577bce38cc
PAST SALE,NA,Single Family Residential,4393 Del Mar Ave,Carpinteria,CA,93013,2627874,4,4,NA,2390,10454,1961,NA,NA,NA,NA,NA,NA,https://www.redfin.com/CA/Carpinteria/4393-Del-Mar-Ave-93013/home/21614286,NA,NA,Y,Y,34.3964777,-119.5329353,"4393 Del Mar Ave, Carpinteria, CA",131393.7,10949.475,10949.475,baseline_5pct,2.83,174.23492961414755,0.17423492961414755,40.8,3225,8,89,1767,106225,1105,204,flood,6af1b5213b5ec9f98a2f6f577bce38cc
PAST SALE,NA,Single Family Residential,4405 Del Mar Ave,Carpinteria,CA,93013,5740000,3,3,NA,2543,10019,2011,NA,2257,NA,NA,NA,NA,https://www.redfin.com/CA/Carpinteria/4405-Del-Mar-Ave-93013/home/21614285,NA,NA,Y,Y,34.3965197,-119.5327801,"4405 Del Mar Ave, Carpinteria, CA",287000,23916.666666666668,23916.666666666668,baseline_5pct,2.93,182.00850033296908,0.1820085003329691,40.8,3225,8,89,1767,106225,1105,204,flood,6af1b5213b5ec9f98a2f6f577bce38cc
PAST SALE,August-15-2003,Single Family Residential,4411 Del Mar Ave,Carpinteria,CA,93013-3314,8961713,3,3,Sandyland Cove,NA,NA,NA,NA,NA,NA,Sold,NA,NA,https://www.redfin.com/CA/Carpinteria/4411-Del-Mar-Ave-93013/home/21614284,SBMLS,03-2437,Y,Y,34.3965611,-119.5326227,"4411 Del Mar Ave, Carpinteria, CA",448085.65,37340.47083333333,37340.47083333333,baseline_5pct,3.06,189.73225718813387,0.18973225718813388,40.8,3225,8,89,1767,106225,1105,204,flood,6af1b5213b5ec9f98a2f6f577bce38cc
PAST SALE,NA,Single Family Residential,4431 Del Mar Ave,Carpinteria,CA,93013,3463770,6,6,NA,2960,12197,1940,NA,NA,NA,NA,NA,NA,https://www.redfin.com/CA/Carpinteria/4431-Del-Mar-Ave-93013/home/21614283,NA,NA,Y,Y,34.3965778,-119.5323059,"4431 Del Mar Ave, Carpinteria, CA",173188.5,14432.375,14432.375,baseline_5pct,3.2,196.3594581467366,0.1963594581467366,40.8,3225,8,89,1767,106225,1105,204,flood,6af1b5213b5ec9f98a2f6f577bce38cc
PAST SALE,NA,Single Family Residential,4447 Del Mar Ave,Carpinteria,CA,93013,2871618,4,4,NA,2661,12197,1946,NA,NA,NA,NA,NA,NA,https://www.redfin.com/CA/Carpinteria/4447-Del-Mar-Ave-93013/home/21614282,NA,NA,Y,Y,34.3964477,-119.5322315,"4447 Del Mar Ave, Carpinteria, CA",143580.9,11965.074999999999,11965.074999999999,baseline_5pct,2.96,179.9758872562842,0.17997588725628422,40.8,3225,8,89,1767,106225,1105,204,flood,6af1b5213b5ec9f98a2f6f577bce38cc
PAST SALE,NA,Single Family Residential,100 Sandyland Cove Rd,Carpinteria,CA,93013,1563242,2,2,NA,1246,16117,1931,NA,NA,NA,NA,NA,NA,https://www.redfin.com/CA/Carpinteria/100-Sandyland-Cove-Rd-93013/home/21612980,NA,NA,Y,Y,34.396788,-119.5312412,"100 Sandyland Cove Rd, Carpinteria, CA",78162.1,6513.508333333334,6513.508333333334,baseline_5pct,3.59,239.25636311402351,0.2392563631140235,40.8,3225,8,89,1767,106225,1105,204,flood,6af1b5213b5ec9f98a2f6f577bce38cc
PAST SALE,December-2-2005,Single Family Residential,4477 Avenue Del Mar,Carpinteria,CA,93013,7500000,4,4,Santa Barbara,NA,13939,1998,NA,NA,NA,Sold,NA,NA,https://www.redfin.com/CA/Carpinteria/4477-Del-Mar-Ave-93013/home/21614280,SBMLS,05-4551,Y,Y,34.3963265,-119.5319049,"4477 Avenue Del Mar, Carpinteria, CA",375000,31250,31250,baseline_5pct,2.81,168.27990208237148,0.16827990208237148,40.8,3225,8,89,1767,106225,1105,204,flood,6af1b5213b5ec9f98a2f6f577bce38cc
PAST SALE,NA,Single Family Residential,4501 Del Mar Ave,Carpinteria,CA,93013,5464895,5,6,NA,4533,10019,1956,NA,NA,NA,NA,NA,NA,https://www.redfin.com/CA/Carpinteria/4501-Del-Mar-Ave-93013/home/21615380,NA,NA,Y,Y,34.396271,-119.5315317,"4501 Del Mar Ave, Carpinteria, CA",273244.75,22770.395833333332,22770.395833333332,baseline_5pct,2.86,166.0244155162585,0.1660244155162585,40.8,3225,8,89,1767,106225,1105,204,flood,6af1b5213b5ec9f98a2f6f577bce38cc
PAST SALE,NA,Single Family Residential,4509 Del Mar Ave,Carpinteria,CA,93013,4662369,5,4,NA,3206,10019,1951,NA,NA,NA,NA,NA,NA,https://www.redfin.com/CA/Carpinteria/4509-Del-Mar-Ave-93013/home/21615378,NA,NA,Y,Y,34.395982,-119.531471,"4509 Del Mar Ave, Carpinteria, CA",233118.45,19426.537500000002,19426.537500000002,baseline_5pct,2.32,128.1810109799319,0.1281810109799319,40.8,3225,8,89,1767,106225,1105,204,flood,6af1b5213b5ec9f98a2f6f577bce38cc
PAST SALE,NA,Single Family Residential,4513 Del Mar Ave,Carpinteria,CA,93013,3994708,3,4,NA,3064,10454,1993,NA,269,NA,NA,NA,NA,https://www.redfin.com/CA/Carpinteria/4513-Del-Mar-Ave-93013/home/21614270,NA,NA,Y,Y,34.395957,-119.531335,"4513 Del Mar Ave, Carpinteria, CA",199735.40000000002,16644.61666666667,16644.61666666667,baseline_5pct,2.38,126.71992787619,0.12671992787619,40.8,3225,8,89,1767,106225,1105,204,flood,6af1b5213b5ec9f98a2f6f577bce38cc
PAST SALE,September-2-1999,Single Family Residential,4517 Avenue Del Mar,Carpinteria,CA,93013,6705604,3,3,Sandyland Cove,NA,NA,1954,NA,NA,NA,Sold,NA,NA,https://www.redfin.com/CA/Carpinteria/4517-Del-Mar-Ave-93013/home/21614279,SBMLS,99-1463,Y,Y,34.3962075,-119.5311269,"4517 Avenue Del Mar, Carpinteria, CA",335280.2,27940.016666666666,27940.016666666666,baseline_5pct,2.85,163.13613847822035,0.16313613847822034,40.8,3225,8,89,1767,106225,1105,204,flood,6af1b5213b5ec9f98a2f6f577bce38cc
PAST SALE,NA,Single Family Residential,4525 Del Mar Ave,Carpinteria,CA,93013,9900000,3,4,NA,4617,22216,2022,NA,2144,NA,NA,NA,NA,https://www.redfin.com/CA/Carpinteria/4525-Del-Mar-Ave-93013/home/21614278,NA,NA,Y,Y,34.39617,-119.53099,"4525 Del Mar Ave, Carpinteria, CA",495000,41250,41250,baseline_5pct,2.86,160.01430041508758,0.16001430041508757,40.8,3225,8,89,1767,106225,1105,204,flood,6af1b5213b5ec9f98a2f6f577bce38cc
PAST SALE,NA,Single Family Residential,4535 Del Mar Ave,Carpinteria,CA,93013,3789288,4,4,NA,2760,20909,1947,NA,NA,NA,NA,NA,NA,https://www.redfin.com/CA/Carpinteria/4535-Del-Mar-Ave-93013/home/21614277,NA,NA,Y,Y,34.3960752,-119.5307125,"4535 Del Mar Ave, Carpinteria, CA",189464.40000000002,15788.700000000003,15788.700000000003,baseline_5pct,2.83,151.1715421241601,0.15117154212416012,40.8,3225,8,89,1767,106225,1105,204,flood,6af1b5213b5ec9f98a2f6f577bce38cc
PAST SALE,June-26-2017,Single Family Residential,4555 Avenue Del Mar,Carpinteria,CA,93013,8700000,4,3,Sandyland Cove,1531,18295,1947,NA,5683,NA,Sold,NA,NA,https://www.redfin.com/CA/Carpinteria/4555-Del-Mar-Ave-93013/home/21614276,SBMLS,17-1503,Y,Y,34.3959425,-119.5305369,"4555 Avenue Del Mar, Carpinteria, CA",435000,36250,36250,baseline_5pct,2.72,135.84297146852316,0.13584297146852317,40.8,3225,8,89,1767,106225,1105,204,flood,6af1b5213b5ec9f98a2f6f577bce38cc
PAST SALE,November-22-2006,Single Family Residential,4561 Avenue Del Mar,Carpinteria,CA,93013,15423112,5,6.5,Sandyland Cove,4683,21344,NA,NA,3293,NA,Sold,NA,NA,https://www.redfin.com/CA/Carpinteria/4561-Del-Mar-Ave-93013/home/21614275,SBMLS,06-4411,Y,Y,34.3958263,-119.5301897,"4561 Avenue Del Mar, Carpinteria, CA",771155.6000000001,64262.966666666674,64262.966666666674,baseline_5pct,2.69,125.10194606582868,0.1251019460658287,40.8,3225,8,89,1767,106225,1105,204,flood,6af1b5213b5ec9f98a2f6f577bce38cc
PAST SALE,May-19-2000,Single Family Residential,4567 Avenue Del Mar,Carpinteria,CA,93013,2300000,4,3,CARPINTERIA-SUMMERLAND,NA,NA,1955,NA,NA,NA,Sold,NA,NA,https://www.redfin.com/CA/Carpinteria/4567-Del-Mar-Ave-93013/home/21614274,SBMLS,00-844,Y,Y,34.3957943,-119.529966,"4567 Avenue Del Mar, Carpinteria, CA",115000,9583.333333333334,9583.333333333334,baseline_5pct,2.77,123.91964468884728,0.12391964468884728,40.8,3225,8,89,1767,106225,1105,204,flood,6af1b5213b5ec9f98a2f6f577bce38cc
PAST SALE,NA,Single Family Residential,4575 Del Mar Ave,Carpinteria,CA,93013,1798468,4,3,NA,1810,6098,1955,NA,NA,NA,NA,NA,NA,https://www.redfin.com/CA/Carpinteria/4575-Del-Mar-Ave-93013/home/21615379,NA,NA,Y,Y,34.3957423,-119.5298578,"4575 Del Mar Ave, Carpinteria, CA",89923.40000000001,7493.616666666668,7493.616666666668,baseline_5pct,2.69,118.45903806636478,0.11845903806636478,40.8,3225,8,89,1767,106225,1105,204,flood,6af1b5213b5ec9f98a2f6f577bce38cc
PAST SALE,January-29-2020,Single Family Residential,4581 Avenue Del Mar,Carpinteria,CA,93013,6400000,4,4,Sandyland Cove,2589,5662,1954,NA,2472,NA,Sold,NA,NA,https://www.redfin.com/CA/Carpinteria/4581-Del-Mar-Ave-93013/home/21614273,SBMLS,20-341,Y,Y,34.3956907,-119.5297395,"4581 Avenue Del Mar, Carpinteria, CA",320000,26666.666666666668,26666.666666666668,baseline_5pct,2.68,113.19199381803202,0.11319199381803202,40.8,3225,8,89,1767,106225,1105,204,flood,6af1b5213b5ec9f98a2f6f577bce38cc
PAST SALE,August-31-1995,Single Family Residential,4587 Avenue Del Mar,Carpinteria,CA,93013,6629001,4,3,CARPINTERIA-SUMMERLAND,NA,NA,1000,NA,NA,NA,Sold,NA,NA,https://www.redfin.com/CA/Carpinteria/4587-Del-Mar-Ave-93013/home/21614272,SBMLS,94-3926,Y,Y,34.3956596,-119.5296108,"4587 Avenue Del Mar, Carpinteria, CA",331450.05000000005,27620.837500000005,27620.837500000005,baseline_5pct,2.69,110.81319563490864,0.11081319563490864,40.8,3225,8,89,1767,106225,1105,204,flood,6af1b5213b5ec9f98a2f6f577bce38cc
PAST SALE,NA,Single Family Residential,4599 Del Mar Ave,Carpinteria,CA,93013,3950000,3,4,NA,3353,30928,1953,NA,1178,NA,NA,NA,NA,https://www.redfin.com/CA/Carpinteria/4599-Del-Mar-Ave-93013/home/21612979,NA,NA,Y,Y,34.3955931,-119.5291153,"4599 Del Mar Ave, Carpinteria, CA",197500,16458.333333333332,16458.333333333332,baseline_5pct,2.74,110.87939454943842,0.11087939454943842,40.8,3225,8,89,1767,106225,1105,204,flood,6af1b5213b5ec9f98a2f6f577bce38cc
PAST SALE,NA,Condo/Co-op,4729 Sandyland Rd,Carpinteria,CA,93013,1121654,2,2,NA,908,NA,1940,NA,275,NA,NA,NA,NA,https://www.redfin.com/CA/Carpinteria/4729-Sandyland-Rd-93013/home/21614164,NA,NA,Y,Y,34.3955075,-119.5282081,"4729 Sandyland Rd, Carpinteria, CA",56082.700000000004,4673.558333333333,4673.558333333333,baseline_5pct,3,148.79003245380952,0.1487900324538095,40.8,3225,8,89,1767,106225,1105,204,flood,6af1b5213b5ec9f98a2f6f577bce38cc
PAST SALE,NA,Condo/Co-op,4725 Sandyland Rd,Carpinteria,CA,93013,995123,2,1,NA,672,NA,1952,NA,249,NA,NA,NA,NA,https://www.redfin.com/CA/Carpinteria/4725-Sandyland-Rd-93013/home/21614168,NA,NA,Y,Y,34.3954589,-119.5281589,"4725 Sandyland Rd, Carpinteria, CA",49756.15,4146.345833333334,4146.345833333334,baseline_5pct,3,145.81809511134958,0.14581809511134958,40.8,3225,8,89,1767,106225,1105,204,flood,6af1b5213b5ec9f98a2f6f577bce38cc
PAST SALE,NA,Condo/Co-op,4757 Sandyland Rd,Carpinteria,CA,93013,966636,3,2,NA,1020,NA,1922,NA,NA,NA,NA,NA,NA,https://www.redfin.com/CA/Carpinteria/4757-Sandyland-Rd-93013/home/21614165,NA,NA,Y,Y,34.3952484,-119.5281668,"4757 Sandyland Rd, Carpinteria, CA",48331.8,4027.65,4027.65,baseline_5pct,2.81,120.73113626808009,0.12073113626808009,40.8,3225,8,89,1767,106225,1105,204,flood,6af1b5213b5ec9f98a2f6f577bce38cc
PAST SALE,August-21-2009,Single Family Residential,4763 Sandyland Rd,Carpinteria,CA,93013,4000000,3,2.5,Sandyland Cove,3000,NA,1989,NA,1333,NA,Sold,NA,NA,https://www.redfin.com/CA/Carpinteria/4763-Sandyland-Rd-93013/home/21517779,SBMLS,08-3029,Y,Y,34.3951954,-119.5277027,"4763 Sandyland Rd, Carpinteria, CA",200000,16666.666666666668,16666.666666666668,baseline_5pct,2.97,140.1757006031092,0.1401757006031092,40.8,3225,8,89,1767,106225,1105,204,flood,6af1b5213b5ec9f98a2f6f577bce38cc
PAST SALE,NA,Condo/Co-op,4773 Sandyland Rd,Carpinteria,CA,93013,5240675,6,5,NA,6397,NA,1994,NA,NA,NA,NA,NA,NA,https://www.redfin.com/CA/Carpinteria/4773-Sandyland-Rd-93013/home/21614640,NA,NA,Y,Y,34.3951914,-119.5277077,"4773 Sandyland Rd, Carpinteria, CA",262033.75,21836.145833333332,21836.145833333332,baseline_5pct,2.97,139.43093422984035,0.13943093422984035,40.8,3225,8,89,1767,106225,1105,204,flood,6af1b5213b5ec9f98a2f6f577bce38cc
PAST SALE,NA,Single Family Residential,4797 Sandyland Rd,Carpinteria,CA,93013,2246986,5,3,NA,2485,30056,1955,NA,NA,NA,NA,NA,NA,https://www.redfin.com/CA/Carpinteria/4797-Sandyland-Rd-93013/home/21615362,NA,NA,Y,Y,34.3952598,-119.527433,"4797 Sandyland Rd, Carpinteria, CA",112349.3,9362.441666666668,9362.441666666668,baseline_5pct,3.28,162.62362490328792,0.1626236249032879,40.8,3225,8,89,1767,106225,1105,204,flood,6af1b5213b5ec9f98a2f6f577bce38cc
PAST SALE,NA,Condo/Co-op,4842 Sandyland Rd,Carpinteria,CA,93013,1285651,2,3,NA,1340,NA,1979,NA,160,NA,NA,NA,NA,https://www.redfin.com/CA/Carpinteria/4842-Sandyland-Rd-93013/home/21614103,NA,NA,Y,Y,34.3952865,-119.5264141,"4842 Sandyland Rd, Carpinteria, CA",64282.55,5356.879166666667,5356.879166666667,baseline_5pct,4.13,222.06542379494917,0.22206542379494917,40.8,3225,8,89,1767,106225,1105,204,flood,6af1b5213b5ec9f98a2f6f577bce38cc
PAST SALE,June-20-2019,Single Family Residential,4854 Sandyland Rd,Carpinteria,CA,93013,3245997,5,4,Carpinteria,1840,3484,1957,NA,1033,NA,Sold,NA,NA,https://www.redfin.com/CA/Carpinteria/4854-Sandyland-Rd-93013/home/21615361,CSMAR,219002817,Y,Y,34.3951615,-119.5261022,"4854 Sandyland Rd, Carpinteria, CA",162299.85,13524.987500000001,13524.987500000001,baseline_5pct,4.27,224.66636375237994,0.22466636375237994,40.8,3225,8,89,1767,106225,1105,204,flood,6af1b5213b5ec9f98a2f6f577bce38cc
PAST SALE,January-22-1998,Single Family Residential,4809 Sandyland,Carpinteria,CA,93013,3217601,2,2.5,CARPINTERIA-SUMMERLAND,NA,NA,1980,NA,NA,NA,Sold,NA,NA,https://www.redfin.com/CA/Carpinteria/4809-Sandyland-Rd-93013/home/143303039,SBMLS,97-2651,Y,Y,34.3949144,-119.5269331,"4809 Sandyland, Carpinteria, CA",160880.05000000002,13406.670833333335,13406.670833333335,baseline_5pct,3.61,149.80588096316242,0.1498058809631624,40.8,3225,8,89,1767,106225,1105,204,flood,6af1b5213b5ec9f98a2f6f577bce38cc
PAST SALE,NA,Condo/Co-op,4902 Sandyland Rd #141,Carpinteria,CA,93013,717511,1,1,NA,432,NA,1968,NA,1736,NA,NA,NA,NA,https://www.redfin.com/CA/Carpinteria/4902-Sandyland-Rd-93013/unit-141/home/21613841,NA,NA,Y,Y,34.3947236,-119.5252708,"4902 Sandyland Rd #141, Carpinteria, CA",35875.55,2989.629166666667,2989.629166666667,baseline_5pct,4.43,219.33883152117895,0.21933883152117895,40.8,3225,8,89,1767,106225,1105,204,flood,6af1b5213b5ec9f98a2f6f577bce38cc
PAST SALE,May-7-2008,Multi-Family (2-4 Unit),4901 Sandyland Rd,Carpinteria,CA,93013,3950000,21,12,Santa Barbara,NA,5663,1957,NA,NA,NA,Sold,NA,NA,https://www.redfin.com/CA/Carpinteria/4901-Sandyland-Rd-93013/home/21613404,SBMLS,08-931,Y,Y,34.3944267,-119.5257484,"4901 Sandyland Rd, Carpinteria, CA",197500,16458.333333333332,16458.333333333332,baseline_5pct,4.02,158.17387553644267,0.15817387553644266,40.8,3225,8,89,1767,106225,1105,204,flood,6af1b5213b5ec9f98a2f6f577bce38cc
PAST SALE,May-10-2017,Condo/Co-op,4921 Sandyland Rd #2,Carpinteria,CA,93013,2600000,2,3,Carpinteria,1725,5227,1957,NA,1507,NA,Sold,NA,NA,https://www.redfin.com/CA/Carpinteria/4921-Sandyland-Rd-93013/unit-2/home/192259956,SBMLS,17-1072,Y,Y,34.3942884,-119.5256414,"4921 Sandyland Rd #2, Carpinteria, CA",130000,10833.333333333334,10833.333333333334,baseline_5pct,4.02,147.89257702269126,0.14789257702269126,40.8,3225,8,89,1767,106225,1105,204,flood,6af1b5213b5ec9f98a2f6f577bce38cc
PAST SALE,NA,Condo/Co-op,4921 Sandyland Rd,Carpinteria,CA,93013,2550000,2,3,NA,1800,NA,1957,NA,1417,NA,NA,NA,NA,https://www.redfin.com/CA/Carpinteria/4921-Sandyland-Rd-93013/home/21613402,NA,NA,Y,Y,34.3942312,-119.5258257,"4921 Sandyland Rd, Carpinteria, CA",127500,10625,10625,baseline_5pct,3.87,131.0079778112311,0.13100797781123108,40.8,3225,8,89,1767,106225,1105,204,flood,6af1b5213b5ec9f98a2f6f577bce38cc
