SALE TYPE,SOLD DATE,PROPERTY TYPE,ADDRESS,CITY,STATE OR PROVINCE,ZIP OR POSTAL CODE,PRICE,BEDS,BATHS,LOCATION,SQUARE FEET,LOT SIZE,YEAR BUILT,DAYS ON MARKET,$/SQUARE FEET,HOA/MONTH,STATUS,NEXT OPEN HOUSE START TIME,NEXT OPEN HOUSE END TIME,URL,SOURCE,MLS#,FAVORITE,INTERESTED,LATITUDE,LONGITUDE,full_address,rentalval,rentalval_note
MLS Listing,NA,Single Family Residential,571 Sand Point Rd,Carpinteria,CA,93013,39500000,4,4.5,Sandyland Cove,NA,61855,1992,13,NA,NA,Active,NA,NA,https://www.redfin.com/CA/Carpinteria/571-Sand-Point-Rd-93013/home/21613481,SBMLS,25-3772,N,Y,34.398955,-119.5393746,"571 Sand Point Rd, Carpinteria, CA",9556,text
PAST SALE,October-5-2021,Condo/Co-op,4975 Sandyland Rd,Carpinteria,CA,93013,2135000,2,1,CPTA - Carpinteria,683,868,1964,NA,3126,752,Sold,NA,NA,https://www.redfin.com/CA/Carpinteria/4975-Sandyland-Rd-93013/home/143304649,CRMLS,BB21180651,N,Y,34.3940477,-119.5254722,"4975 Sandyland Rd, Carpinteria, CA",NA,not_found
PAST SALE,September-12-2023,Condo/Co-op,4975 Sandyland Rd #105,Carpinteria,CA,93013,2550000,2,1,Carpinteria,683,NA,1964,NA,3734,NA,Sold,NA,NA,https://www.redfin.com/CA/Carpinteria/4975-Sandyland-Rd-93013/unit-105/home/21615615,SBMLS,23-2719,N,Y,34.393902,-119.525147,"4975 Sandyland Rd #105, Carpinteria, CA",NA,not_found
PAST SALE,March-19-2021,Single Family Residential,821 Sand Point Rd,Carpinteria,CA,93013,23000000,2,1.5,CARPINTERIA-SUMMERLAND,3500,4598,2004,NA,6571,NA,Sold,NA,NA,https://www.redfin.com/CA/Carpinteria/821-Sand-Point-Rd-93013/home/21611957,SBMLS,21-1008,N,Y,34.4040192,-119.5450254,"821 Sand Point Rd, Carpinteria, CA",NA,not_found
PAST SALE,May-26-2022,Condo/Co-op,4700 Sandyland Rd #47,Carpinteria,CA,93013,884527,2,2,Sandyland Cove,828,NA,1970,NA,1069,NA,Sold,NA,NA,https://www.redfin.com/CA/Carpinteria/4700-Sandyland-Rd-93013/unit-47/home/21613985,SBMLS,22-1726,N,Y,34.395663,-119.527159,"4700 Sandyland Rd #47, Carpinteria, CA",NA,not_found
PAST SALE,September-2-2021,Condo/Co-op,4755 Sandyland Rd #7,Carpinteria,CA,93013,1067643,2,1,CARPINTERIA-SUMMERLAND,875,NA,1959,NA,1314,NA,Sold,NA,NA,https://www.redfin.com/CA/Carpinteria/4755-Sandyland-Rd-93013/unit-7/home/21614166,SBMLS,21-3311,N,Y,34.395335,-119.527998,"4755 Sandyland Rd #7, Carpinteria, CA",NA,not_found
PAST SALE,NA,Condo/Co-op,4975 Sandyland Rd #107,Carpinteria,CA,93013,2135000,2,1,NA,683,NA,1964,NA,3126,NA,NA,NA,NA,https://www.redfin.com/CA/Carpinteria/4975-Sandyland-Rd-93013/unit-107/home/21613653,NA,NA,N,Y,34.393902,-119.525147,"4975 Sandyland Rd #107, Carpinteria, CA",NA,not_found
PAST SALE,August-20-2021,Condo/Co-op,4950 Sandyland #120,Carpinteria,CA,93013,960315,2,2,CARPINTERIA-SUMMERLAND,744,NA,1962,NA,1156,NA,Sold,NA,NA,https://www.redfin.com/CA/Carpinteria/4950-Sandyland-Rd-93013/unit-120/home/21615638,SBMLS,21-3149,N,Y,34.394428,-119.525032,"4950 Sandyland #120, Carpinteria, CA",NA,not_found
PAST SALE,NA,Condo/Co-op,4950 Sandyland Rd #226,Carpinteria,CA,93013,717391,1,1,NA,514,NA,1964,NA,1167,NA,NA,NA,NA,https://www.redfin.com/CA/Carpinteria/4950-Sandyland-Rd-93013/unit-226/home/21613803,NA,NA,N,Y,34.394428,-119.525032,"4950 Sandyland Rd #226, Carpinteria, CA",NA,not_found
PAST SALE,February-26-2021,Condo/Co-op,4700 Sandyland #48,Carpinteria,CA,93013,1101457,2,2,CARPINTERIA-SUMMERLAND,828,NA,1970,NA,1057,NA,Sold,NA,NA,https://www.redfin.com/CA/Carpinteria/4700-Sandyland-Rd-93013/unit-48/home/21614390,SBMLS,21-262,N,Y,34.395704,-119.52713,"4700 Sandyland #48, Carpinteria, CA",NA,not_found
PAST SALE,May-15-2024,Condo/Co-op,4925 Sandyland Rd #F,Carpinteria,CA,93013,4600000,2,3,Sandyland Cove,1538,NA,1987,NA,2991,NA,Sold,NA,NA,https://www.redfin.com/CA/Carpinteria/4925-Sandyland-Rd-93013/unit-F/home/21613633,SBMLS,24-1344,N,Y,34.3941663,-119.525621,"4925 Sandyland Rd #F, Carpinteria, CA",NA,not_found
PAST SALE,December-15-2020,Condo/Co-op,4825 Sandyland Rd #6,Carpinteria,CA,93013,1981850,2,2,CARPINTERIA-SUMMERLAND,966,871,1978,NA,1548,NA,Sold,NA,NA,https://www.redfin.com/CA/Carpinteria/4825-Sandyland-Rd-93013/unit-6/home/21612906,SBMLS,20-4020,N,Y,34.394857,-119.526594,"4825 Sandyland Rd #6, Carpinteria, CA",NA,not_found
PAST SALE,February-9-2024,Condo/Co-op,4700 Sandyland Rd #8,Carpinteria,CA,93013,896732,1,1,CARPINTERIA-SUMMERLAND,558,435,1970,NA,1774,NA,Sold,NA,NA,https://www.redfin.com/CA/Carpinteria/4700-Sandyland-Rd-93013/unit-8/home/21614018,SBMLS,24-136,N,Y,34.395763,-119.5277,"4700 Sandyland Rd #8, Carpinteria, CA",NA,not_found
PAST SALE,September-27-2022,Condo/Co-op,4840 Sandyland Rd,Carpinteria,CA,93013,1884845,3,2.5,CARPINTERIA-SUMMERLAND,1275,435,1978,NA,1294,NA,Sold,NA,NA,https://www.redfin.com/CA/Carpinteria/4840-Sandyland-Rd-93013/home/21613793,SBMLS,22-3096,N,Y,34.3953149,-119.526461,"4840 Sandyland Rd, Carpinteria, CA",NA,not_found
PAST SALE,December-20-2024,Condo/Co-op,4700 Sandyland Rd #12,Carpinteria,CA,93013,1079031,2,1,CARPINTERIA-SUMMERLAND,700,871,1970,NA,1586,NA,Sold,NA,NA,https://www.redfin.com/CA/Carpinteria/4700-Sandyland-Rd-93013/unit-12/home/21614014,SBMLS,24-3860,N,Y,34.395656,-119.527397,"4700 Sandyland Rd #12, Carpinteria, CA",NA,not_found
PAST SALE,September-1-2022,Condo/Co-op,4950 Sandyland Rd #224,Carpinteria,CA,93013,872951,1,1,Sandyland Cove,540,NA,1962,NA,1574,NA,Sold,NA,NA,https://www.redfin.com/CA/Carpinteria/4950-Sandyland-Rd-93013/unit-224/home/21613801,SBMLS,22-2875,N,Y,34.394428,-119.525032,"4950 Sandyland Rd #224, Carpinteria, CA",NA,not_found
PAST SALE,April-7-2021,Condo/Co-op,4709 Sandyland Rd #4,Carpinteria,CA,93013,1899169,1,1,CARPINTERIA-SUMMERLAND,612,NA,1959,NA,2696,NA,Sold,NA,NA,https://www.redfin.com/CA/Carpinteria/4709-Sandyland-Rd-93013/unit-4/home/21614162,SBMLS,21-1021,N,Y,34.395329,-119.5285097,"4709 Sandyland Rd #4, Carpinteria, CA",NA,not_found
PAST SALE,July-15-2024,Condo/Co-op,4950 Sandyland Rd #129,Carpinteria,CA,93013,785886,1,1,CARPINTERIA-SUMMERLAND,436,NA,1962,NA,1837,NA,Sold,NA,NA,https://www.redfin.com/CA/Carpinteria/4950-Sandyland-Rd-93013/unit-129/home/21613837,SBMLS,24-1456,N,Y,34.394428,-119.525032,"4950 Sandyland Rd #129, Carpinteria, CA",NA,not_found
PAST SALE,June-2-2022,Condo/Co-op,4902 Sandyland Rd #136,Carpinteria,CA,93013,791547,1,1,CPTA - Carpinteria,442,434,1968,NA,1862,438,Sold,NA,NA,https://www.redfin.com/CA/Carpinteria/4902-Sandyland-Rd-93013/unit-136/home/21613846,CRMLS,BB22092020,N,Y,34.3945566,-119.5251608,"4902 Sandyland Rd #136, Carpinteria, CA",NA,not_found
PAST SALE,June-22-2021,Condo/Co-op,4950 Sandyland Rd #220,Carpinteria,CA,93013,1067363,2,1,CARPINTERIA-SUMMERLAND,744,NA,1962,NA,1142,NA,Sold,NA,NA,https://www.redfin.com/CA/Carpinteria/4950-Sandyland-Rd-93013/unit-220/home/21613797,SBMLS,21-1284,N,Y,34.394428,-119.525032,"4950 Sandyland Rd #220, Carpinteria, CA",NA,not_found
PAST SALE,February-22-2023,Single Family Residential,4923 Sandyland Rd,Carpinteria,CA,93013,8100000,4,3.5,Sandyland Cove,2361,2613,1957,NA,3431,NA,Sold,NA,NA,https://www.redfin.com/CA/Carpinteria/4923-Sandyland-Rd-93013/home/21613403,SBMLS,23-198,N,Y,34.3942179,-119.525802,"4923 Sandyland Rd, Carpinteria, CA",NA,not_found
PAST SALE,November-24-2021,Condo/Co-op,4950 Sandyland Rd #229,Carpinteria,CA,93013,759610,1,1,Sandyland Cove,436,NA,1962,NA,1720,NA,Sold,NA,NA,https://www.redfin.com/CA/Carpinteria/4950-Sandyland-Rd-93013/unit-229/home/21613806,SBMLS,21-4000,N,Y,34.394428,-119.525032,"4950 Sandyland Rd #229, Carpinteria, CA",NA,not_found
PAST SALE,January-18-2024,Condo/Co-op,4700 Sandyland Rd #16,Carpinteria,CA,93013,734421,1,1,CPTA - Carpinteria,558,510,1970,NA,1254,825,Sold,NA,NA,https://www.redfin.com/CA/Carpinteria/4700-Sandyland-Rd-93013/unit-16/home/21614011,CRMLS,SR23223244,N,Y,34.395661,-119.527155,"4700 Sandyland Rd #16, Carpinteria, CA",NA,not_found
PAST SALE,June-5-2024,Condo/Co-op,4700 Sandyland Rd #35,Carpinteria,CA,93013,1015960,2,2,CARPINTERIA-SUMMERLAND,828,435,1970,NA,1164,NA,Sold,NA,NA,https://www.redfin.com/CA/Carpinteria/4700-Sandyland-Rd-93013/unit-35/home/21613995,SBMLS,24-1241,N,Y,34.395816,-119.527522,"4700 Sandyland Rd #35, Carpinteria, CA",NA,not_found
PAST SALE,January-13-2023,Single Family Residential,4595 Avenue Del Mar,Carpinteria,CA,93013,12500000,5,3.5,CARPINTERIA-SUMMERLAND,2762,11325,1981,NA,4526,NA,Sold,NA,NA,https://www.redfin.com/CA/Carpinteria/4595-Del-Mar-Ave-93013/home/21614271,SBMLS,22-3572,N,Y,34.395382,-119.529523,"4595 Avenue Del Mar, Carpinteria, CA",NA,not_found
PAST SALE,NA,Condo/Co-op,4950 Sandyland Rd #223,Carpinteria,CA,93013,797223,1,1,NA,574,NA,1962,NA,836,NA,NA,NA,NA,https://www.redfin.com/CA/Carpinteria/4950-Sandyland-Rd-93013/unit-223/home/21613800,NA,NA,N,Y,34.394428,-119.525032,"4950 Sandyland Rd #223, Carpinteria, CA",NA,not_found
PAST SALE,October-15-2024,Single Family Residential,4815 Sandyland Rd #A,Carpinteria,CA,93013,3965000,4,4,CARPINTERIA-SUMMERLAND,2196,NA,2009,NA,1806,NA,Sold,NA,NA,https://www.redfin.com/CA/Carpinteria/4815-Sandyland-Rd-93013/unit-A/home/40438526,SBMLS,24-2661,N,Y,34.3948611,-119.5269026,"4815 Sandyland Rd #A, Carpinteria, CA",NA,not_found
PAST SALE,August-9-2022,Single Family Residential,607 Sand Point Rd,Carpinteria,CA,93013,23000000,4,4,CARPINTERIA-SUMMERLAND,3476,52272,1963,NA,6617,NA,Sold,NA,NA,https://www.redfin.com/CA/Carpinteria/607-Sand-Point-Rd-93013/home/21612920,SBMLS,22-1347,N,Y,34.3994895,-119.5400456,"607 Sand Point Rd, Carpinteria, CA",NA,not_found
PAST SALE,NA,Single Family Residential,4315 Del Mar Ave,Carpinteria,CA,93013,8000000,2,3,NA,1922,13068,1930,NA,4162,NA,NA,NA,NA,https://www.redfin.com/CA/Carpinteria/4315-Del-Mar-Ave-93013/home/21614292,NA,NA,N,Y,34.3967051,-119.5341613,"4315 Del Mar Ave, Carpinteria, CA",NA,not_found
PAST SALE,January-23-2025,Condo/Co-op,4975 Sandyland Rd #109,Carpinteria,CA,93013,3200000,2,1,CARPINTERIA-SUMMERLAND,683,871,1964,NA,4685,NA,Sold,NA,NA,https://www.redfin.com/CA/Carpinteria/4975-Sandyland-Rd-93013/unit-109/home/21613652,SBMLS,24-3157,N,Y,34.393902,-119.525147,"4975 Sandyland Rd #109, Carpinteria, CA",NA,not_found
PAST SALE,June-7-2021,Condo/Co-op,4975 Sandyland Rd #206,Carpinteria,CA,93013,1158116,2,1,CARPINTERIA-SUMMERLAND,683,NA,1964,NA,1977,NA,Sold,NA,NA,https://www.redfin.com/CA/Carpinteria/4975-Sandyland-Rd-93013/unit-206/home/21613644,SBMLS,21-305,N,Y,34.393902,-119.525147,"4975 Sandyland Rd #206, Carpinteria, CA",NA,not_found
PAST SALE,September-4-2024,Condo/Co-op,4950 Sandyland Rd #230,Carpinteria,CA,93013,724786,1,1,CARPINTERIA-SUMMERLAND,436,NA,1962,NA,1718,NA,Sold,NA,NA,https://www.redfin.com/CA/Carpinteria/4950-Sandyland-Rd-93013/unit-230/home/21613807,SBMLS,24-433,N,Y,34.394428,-119.525032,"4950 Sandyland Rd #230, Carpinteria, CA",NA,not_found
PAST SALE,NA,Single Family Residential,4755 Sandyland Rd #6,Carpinteria,CA,93013,1283919,2,1,NA,875,871,1959,NA,1337,NA,NA,NA,NA,https://www.redfin.com/CA/Carpinteria/4755-Sandyland-Rd-93013/unit-6/home/21614167,NA,NA,N,Y,34.395378,-119.5279833,"4755 Sandyland Rd #6, Carpinteria, CA",NA,not_found
PAST SALE,NA,Condo/Co-op,4975 Sandyland Rd #210,Carpinteria,CA,93013,1310769,2,1,NA,683,NA,1964,NA,2236,NA,NA,NA,NA,https://www.redfin.com/CA/Carpinteria/4975-Sandyland-Rd-93013/unit-210/home/21613639,NA,NA,N,Y,34.393902,-119.525147,"4975 Sandyland Rd #210, Carpinteria, CA",NA,not_found
PAST SALE,July-6-2011,Condo/Co-op,4825 Sandyland Rd #4,Carpinteria,CA,93013,2267235,2,2,Sandyland Cove,966,NA,1978,NA,1128,NA,Sold,NA,NA,https://www.redfin.com/CA/Carpinteria/4825-Sandyland-Rd-93013/unit-4/home/21612908,SBMLS,11-380,Y,Y,34.394747,-119.526726,"4825 Sandyland Rd #4, Carpinteria, CA",NA,not_found
PAST SALE,NA,Condo/Co-op,4825 Sandyland Rd #7,Carpinteria,CA,93013,918048,2,2,NA,966,NA,1978,NA,NA,NA,NA,NA,NA,https://www.redfin.com/CA/Carpinteria/4825-Sandyland-Rd-93013/unit-7/home/21612905,NA,NA,Y,Y,34.3948,-119.526516,"4825 Sandyland Rd #7, Carpinteria, CA",NA,not_found
PAST SALE,NA,Condo/Co-op,4825 Sandyland Rd #8,Carpinteria,CA,93013,908731,2,2,NA,966,NA,1978,NA,NA,NA,NA,NA,NA,https://www.redfin.com/CA/Carpinteria/4825-Sandyland-Rd-93013/unit-8/home/21612904,NA,NA,Y,Y,34.394714,-119.526593,"4825 Sandyland Rd #8, Carpinteria, CA",NA,not_found
PAST SALE,July-22-2003,Condo/Co-op,4880 Sandyland Apt 12 Rd,Carpinteria,CA,93013-2318,777504,1,1,Carpinteria,NA,NA,1962,NA,NA,NA,Sold,NA,NA,https://www.redfin.com/CA/Carpinteria/4880-Sandyland-Rd-93013/unit-12/home/21614237,SBMLS,03-1391,Y,Y,34.394871,-119.525729,"4880 Sandyland Apt 12 Rd, Carpinteria, CA",NA,not_found
PAST SALE,December-6-2004,Condo/Co-op,879 Sand Point Rd,Carpinteria,CA,93013-1107,5250000,5,4.5,CARPINTERIA-SUMMERLAND,NA,NA,2003,NA,NA,NA,Sold,NA,NA,https://www.redfin.com/CA/Carpinteria/879-Sand-Point-Rd-93013/home/21611780,SBMLS,04-4120,Y,Y,34.4055391,-119.5475253,"879 Sand Point Rd, Carpinteria, CA",NA,not_found
PAST SALE,NA,Single Family Residential,871 Sand Point Rd,Carpinteria,CA,93013,4700000,4,4,NA,5235,6534,1997,NA,898,NA,NA,NA,NA,https://www.redfin.com/CA/Carpinteria/871-Sand-Point-Rd-93013/home/21611784,NA,NA,Y,Y,34.4047826,-119.5469257,"871 Sand Point Rd, Carpinteria, CA",9776,text
PAST SALE,June-6-2014,Single Family Residential,869 Sand Point Rd,Carpinteria,CA,93013,8650000,6,5,CARPINTERIA-SUMMERLAND,5742,NA,1996,NA,1506,NA,Sold,NA,NA,https://www.redfin.com/CA/Carpinteria/869-Sand-Point-Rd-93013/home/21523736,SBMLS,14-1791,Y,Y,34.4045559,-119.5467092,"869 Sand Point Rd, Carpinteria, CA",NA,not_found
PAST SALE,NA,Single Family Residential,863 Sand Point Rd,Carpinteria,CA,93013,1370736,2,1,NA,780,37026,1961,NA,NA,NA,NA,NA,NA,https://www.redfin.com/CA/Carpinteria/863-Sand-Point-Rd-93013/home/21611954,NA,NA,Y,Y,34.4050479,-119.5457756,"863 Sand Point Rd, Carpinteria, CA",NA,not_found
PAST SALE,NA,Single Family Residential,845 Sand Point Rd,Carpinteria,CA,93013,6100000,3,4,NA,2241,46174,1977,NA,2722,NA,NA,NA,NA,https://www.redfin.com/CA/Carpinteria/845-Sand-Point-Rd-93013/home/21611953,NA,NA,Y,Y,34.4045688,-119.5458531,"845 Sand Point Rd, Carpinteria, CA",NA,not_found
PAST SALE,May-8-2012,Single Family Residential,841 Sand Point Rd,Carpinteria,CA,93013,5225000,4,4,Santa Barbara,2395,45738,1973,NA,2182,NA,Sold,NA,NA,https://www.redfin.com/CA/Carpinteria/841-Sand-Point-Rd-93013/home/21612178,SBMLS,11-2580,Y,Y,34.4044467,-119.5456102,"841 Sand Point Rd, Carpinteria, CA",NA,not_found
PAST SALE,NA,Single Family Residential,835 Sand Point Rd,Carpinteria,CA,93013,7513270,6,5,NA,5475,59677,2006,NA,311,NA,NA,NA,NA,https://www.redfin.com/CA/Carpinteria/835-Sand-Point-Rd-93013/home/21611956,NA,NA,Y,Y,34.4042248,-119.5453239,"835 Sand Point Rd, Carpinteria, CA",NA,not_found
PAST SALE,April-13-2012,Single Family Residential,815 Sand Point Rd,Carpinteria,CA,93013,5500000,3,2,Carpinteria,2198,96703,1977,NA,2502,NA,Sold,NA,NA,https://www.redfin.com/CA/Carpinteria/815-Sand-Point-Rd-93013/home/21611962,SBMLS,11-2340,Y,Y,34.4037732,-119.5447663,"815 Sand Point Rd, Carpinteria, CA",NA,not_found
PAST SALE,January-22-1993,Single Family Residential,805 Sand Pt,Carpinteria,CA,93013,6553330,4,3,CARPINTERIA-SUMMERLAND,NA,100188,1964,NA,NA,NA,Sold,NA,NA,https://www.redfin.com/CA/Carpinteria/805-Sand-Point-Rd-93013/home/21611955,SBMLS,92-2430,Y,Y,34.4034328,-119.5444334,"805 Sand Pt, Carpinteria, CA",NA,not_found
PAST SALE,February-1-2019,Single Family Residential,791 Sand Point Rd,Carpinteria,CA,93013,9725000,3,2.5,Sandyland Cove,2300,118483,1957,NA,4228,NA,Sold,NA,NA,https://www.redfin.com/CA/Carpinteria/791-Sand-Point-Rd-93013/home/21611958,SBMLS,18-3403,Y,Y,34.4030894,-119.5441881,"791 Sand Point Rd, Carpinteria, CA",NA,not_found
PAST SALE,NA,Single Family Residential,775 Sand Point Rd,Carpinteria,CA,93013,4333292,2,2,NA,1530,108464,1952,NA,NA,NA,NA,NA,NA,https://www.redfin.com/CA/Carpinteria/775-Sand-Point-Rd-93013/home/21611952,NA,NA,Y,Y,34.4027754,-119.5437832,"775 Sand Point Rd, Carpinteria, CA",NA,not_found
PAST SALE,April-29-2011,Single Family Residential,755 Sand Point Rd,Carpinteria,CA,93013,5000000,2,2.5,Carpinteria,NA,NA,1945,NA,NA,NA,Sold,NA,NA,https://www.redfin.com/CA/Carpinteria/755-Sand-Point-Rd-93013/home/21611951,SBMLS,11-1583,Y,Y,34.4021823,-119.5432306,"755 Sand Point Rd, Carpinteria, CA",NA,not_found
PAST SALE,October-28-2011,Single Family Residential,745 Sand Point Rd,Carpinteria,CA,93013,3415000,3,3,Carpinteria,2200,46609,1940,NA,1552,NA,Sold,NA,NA,https://www.redfin.com/CA/Carpinteria/745-Sand-Point-Rd-93013/home/21612179,SBMLS,11-1165,Y,Y,34.4019853,-119.5430241,"745 Sand Point Rd, Carpinteria, CA",NA,not_found
PAST SALE,March-25-2014,Single Family Residential,735 Sand Point Rd,Carpinteria,CA,93013,5850000,4,6,Carpinteria-summerland,3044,NA,1956,NA,1922,NA,Sold,NA,NA,https://www.redfin.com/CA/Carpinteria/735-Sand-Point-Rd-93013/home/21611961,SBMLS,14-903,Y,Y,34.4019815,-119.542795,"735 Sand Point Rd, Carpinteria, CA",NA,not_found
PAST SALE,NA,Single Family Residential,721 Sand Point Rd,Carpinteria,CA,93013,5921022,4,5,NA,4305,18295,1999,NA,NA,NA,NA,NA,NA,https://www.redfin.com/CA/Carpinteria/721-Sand-Point-Rd-93013/home/21611950,NA,NA,Y,Y,34.4018647,-119.5425657,"721 Sand Point Rd, Carpinteria, CA",NA,not_found
PAST SALE,April-25-2014,Single Family Residential,711 Sand Point Rd,Carpinteria,CA,93013,7100000,4,3,Sandyland Cove,2634,274428,1952,NA,2696,NA,Sold,NA,NA,https://www.redfin.com/CA/Carpinteria/711-Sand-Point-Rd-93013/home/21611949,SBMLS,14-1297,Y,Y,34.4016981,-119.5423044,"711 Sand Point Rd, Carpinteria, CA",NA,not_found
PAST SALE,July-11-2006,Single Family Residential,701 Sand Point Rd,Carpinteria,CA,93013-1105,7200000,3,3.5,Sandyland Cove,NA,130680,1982,NA,NA,NA,Sold,NA,NA,https://www.redfin.com/CA/Carpinteria/701-Sand-Point-Rd-93013/home/21611960,SBMLS,06-137,Y,Y,34.4013214,-119.5418909,"701 Sand Point Rd, Carpinteria, CA",NA,not_found
PAST SALE,December-11-2008,Single Family Residential,685 Sand Point Rd,Carpinteria,CA,93013,7290000,3,4,Padaro,NA,131986,1961,NA,NA,NA,Sold,NA,NA,https://www.redfin.com/CA/Carpinteria/685-Sand-Point-Rd-93013/home/21611959,SBMLS,07-4753,Y,Y,34.4011155,-119.5416655,"685 Sand Point Rd, Carpinteria, CA",NA,not_found
PAST SALE,NA,Single Family Residential,671 Sand Point Rd,Carpinteria,CA,93013,3511548,4,4,NA,3030,74052,1965,NA,NA,NA,NA,NA,NA,https://www.redfin.com/CA/Carpinteria/671-Sand-Point-Rd-93013/home/21613482,NA,NA,Y,Y,34.4008581,-119.5414381,"671 Sand Point Rd, Carpinteria, CA",NA,not_found
PAST SALE,March-9-2004,Single Family Residential,657 Sand Point Rd,Carpinteria,CA,93013-1103,7235000,4,4,Sandyland Cove,4100,NA,1979,NA,1765,NA,Sold,NA,NA,https://www.redfin.com/CA/Carpinteria/657-Sand-Point-Rd-93013/home/21612924,SBMLS,03-1204,Y,Y,34.4006401,-119.5411437,"657 Sand Point Rd, Carpinteria, CA",NA,not_found
PAST SALE,March-6-2015,Single Family Residential,645 Sand Point Rd,Carpinteria,CA,93013,9100000,3,3,CARPINTERIA-SUMMERLAND,2358,65340,1962,NA,3859,NA,Sold,NA,NA,https://www.redfin.com/CA/Carpinteria/645-Sand-Point-Rd-93013/home/21612923,SBMLS,15-44,Y,Y,34.400307,-119.5408851,"645 Sand Point Rd, Carpinteria, CA",NA,not_found
PAST SALE,NA,Single Family Residential,635 Sand Point Rd,Carpinteria,CA,93013,3085107,3,3,NA,2341,65340,1961,NA,NA,NA,NA,NA,NA,https://www.redfin.com/CA/Carpinteria/635-Sand-Point-Rd-93013/home/21612922,NA,NA,Y,Y,34.4000126,-119.5406023,"635 Sand Point Rd, Carpinteria, CA",NA,not_found
PAST SALE,November-30-2004,Single Family Residential,625 Sand Point Rd,Carpinteria,CA,93013-1103,8500000,4,4,Padaro,NA,NA,NA,NA,NA,NA,Sold,NA,NA,https://www.redfin.com/CA/Carpinteria/625-Sand-Point-Rd-93013/home/21612921,SBMLS,04-2545,Y,Y,34.399781,-119.5403518,"625 Sand Point Rd, Carpinteria, CA",NA,not_found
PAST SALE,April-27-2010,Single Family Residential,591 Sand Point Rd,Carpinteria,CA,93013,16250000,5,6,Padaro,NA,95832,2003,NA,NA,NA,Sold,NA,NA,https://www.redfin.com/CA/Carpinteria/591-Sand-Point-Rd-93013/home/21612919,SBMLS,08-3054,Y,Y,34.3992475,-119.5397338,"591 Sand Point Rd, Carpinteria, CA",NA,not_found
PAST SALE,NA,Single Family Residential,551 Sand Point Rd,Carpinteria,CA,93013,9650000,3,4,NA,2395,62291,2003,NA,4029,NA,NA,NA,NA,https://www.redfin.com/CA/Carpinteria/551-Sand-Point-Rd-93013/home/21612918,NA,NA,Y,Y,34.3986396,-119.5391096,"551 Sand Point Rd, Carpinteria, CA",NA,not_found
PAST SALE,NA,Single Family Residential,539 Sand Point Rd,Carpinteria,CA,93013,2288017,4,3,NA,1872,60984,1948,NA,NA,NA,NA,NA,NA,https://www.redfin.com/CA/Carpinteria/539-Sand-Point-Rd-93013/home/21612917,NA,NA,Y,Y,34.398331,-119.5388418,"539 Sand Point Rd, Carpinteria, CA",NA,not_found
PAST SALE,March-17-1994,Single Family Residential,4217 Avenue Del Mar,Carpinteria,CA,93013,16444061,9,9.5,CARPINTERIA-SUMMERLAND,NA,60984,1001,NA,NA,NA,Sold,NA,NA,https://www.redfin.com/CA/Carpinteria/4217-Del-Mar-Ave-93013/home/21614298,SBMLS,93-3617,Y,Y,34.3967633,-119.53613,"4217 Avenue Del Mar, Carpinteria, CA",NA,not_found
PAST SALE,NA,Single Family Residential,4237 Del Mar Ave,Carpinteria,CA,93013,8141872,5,5,NA,4900,43996,1950,NA,NA,NA,NA,NA,NA,https://www.redfin.com/CA/Carpinteria/4237-Del-Mar-Ave-93013/home/21614297,NA,NA,Y,Y,34.396784,-119.5357877,"4237 Del Mar Ave, Carpinteria, CA",NA,not_found
PAST SALE,February-28-2013,Single Family Residential,4257 Avenue Del Mar,Carpinteria,CA,93013,14000000,6,6,Sandyland Cove,5000,39204,1940,NA,2800,NA,Sold,NA,NA,https://www.redfin.com/CA/Carpinteria/4257-Del-Mar-Ave-93013/home/21615384,SBMLS,11-1625,Y,Y,34.3967947,-119.5355011,"4257 Avenue Del Mar, Carpinteria, CA",NA,not_found
PAST SALE,November-17-2004,Single Family Residential,4267 Avenue Del Mar,Carpinteria,CA,93013,15000000,9,7,Sandyland Cove,3860,45738,1930,NA,3886,NA,Sold,NA,NA,https://www.redfin.com/CA/Carpinteria/4267-Del-Mar-Ave-93013/home/21614296,SBMLS,04-3325,Y,Y,34.3968569,-119.5352062,"4267 Avenue Del Mar, Carpinteria, CA",NA,not_found
PAST SALE,NA,Single Family Residential,4271 Del Mar Ave,Carpinteria,CA,93013,7553467,5,6,NA,5556,37462,1947,NA,NA,NA,NA,NA,NA,https://www.redfin.com/CA/Carpinteria/4271-Del-Mar-Ave-93013/home/21614295,NA,NA,Y,Y,34.396586,-119.534908,"4271 Del Mar Ave, Carpinteria, CA",NA,not_found
PAST SALE,February-1-1993,Single Family Residential,4285 Avenue Del Mar,Carpinteria,CA,93013,10263304,6,4.5,CARPINTERIA-SUMMERLAND,NA,NA,1938,NA,NA,NA,Sold,NA,NA,https://www.redfin.com/CA/Carpinteria/4285-Del-Mar-Ave-93013/home/21614294,SBMLS,91-4249,Y,Y,34.3967894,-119.534689,"4285 Avenue Del Mar, Carpinteria, CA",NA,not_found
PAST SALE,NA,Single Family Residential,4307 Del Mar Ave,Carpinteria,CA,93013,1971028,1,3,NA,1432,14375,1947,NA,NA,NA,NA,NA,NA,https://www.redfin.com/CA/Carpinteria/4307-Del-Mar-Ave-93013/home/95965122,NA,NA,Y,Y,34.395977,-119.534326,"4307 Del Mar Ave, Carpinteria, CA",NA,not_found
PAST SALE,December-18-2006,Single Family Residential,4301 Avenue Del Mar,Carpinteria,CA,93017,6000000,3,3,Carpinteria,NA,NA,1938,NA,NA,NA,Sold,NA,NA,https://www.redfin.com/CA/Carpinteria/4301-Del-Mar-Ave-93013/home/95965125,SBMLS,06-5745,Y,Y,34.396478,-119.534416,"4301 Avenue Del Mar, Carpinteria, CA",NA,not_found
PAST SALE,NA,Single Family Residential,4327 Del Mar Ave,Carpinteria,CA,93013,3249421,3,3,NA,1904,23087,1931,NA,NA,NA,NA,NA,NA,https://www.redfin.com/CA/Carpinteria/4327-Del-Mar-Ave-93013/home/21614291,NA,NA,Y,Y,34.3966596,-119.5339743,"4327 Del Mar Ave, Carpinteria, CA",NA,not_found
PAST SALE,NA,Single Family Residential,4347 Del Mar Ave,Carpinteria,CA,93013,3810981,6,3,NA,2257,22651,1950,NA,NA,NA,NA,NA,NA,https://www.redfin.com/CA/Carpinteria/4347-Del-Mar-Ave-93013/home/21614290,NA,NA,Y,Y,34.3966383,-119.5337054,"4347 Del Mar Ave, Carpinteria, CA",NA,not_found
PAST SALE,March-22-2002,Single Family Residential,4365 Del Mar Ave,Carpinteria,CA,93013-3313,6633722,2,2,Sandyland Cove,NA,NA,NA,NA,NA,NA,Sold,NA,NA,https://www.redfin.com/CA/Carpinteria/4365-Del-Mar-Ave-93013/home/21614289,SBMLS,01-2859,Y,Y,34.3965544,-119.5334623,"4365 Del Mar Ave, Carpinteria, CA",NA,not_found
PAST SALE,NA,Single Family Residential,4377 Del Mar Ave,Carpinteria,CA,93013,3743046,3,3,NA,2875,17424,1925,NA,NA,NA,NA,NA,NA,https://www.redfin.com/CA/Carpinteria/4377-Del-Mar-Ave-93013/home/21615382,NA,NA,Y,Y,34.396214,-119.533268,"4377 Del Mar Ave, Carpinteria, CA",NA,not_found
PAST SALE,NA,Single Family Residential,4387 Del Mar Ave,Carpinteria,CA,93013,3132899,2,4,NA,2486,10890,1999,NA,NA,NA,NA,NA,NA,https://www.redfin.com/CA/Carpinteria/4387-Del-Mar-Ave-93013/home/21615383,NA,NA,Y,Y,34.396189,-119.533103,"4387 Del Mar Ave, Carpinteria, CA",NA,not_found
PAST SALE,NA,Single Family Residential,4393 Del Mar Ave,Carpinteria,CA,93013,2865099,4,4,NA,2390,10454,1961,NA,NA,NA,NA,NA,NA,https://www.redfin.com/CA/Carpinteria/4393-Del-Mar-Ave-93013/home/21614286,NA,NA,Y,Y,34.3964777,-119.5329353,"4393 Del Mar Ave, Carpinteria, CA",NA,not_found
PAST SALE,NA,Single Family Residential,4405 Del Mar Ave,Carpinteria,CA,93013,5740000,3,3,NA,2543,10019,2011,NA,2257,NA,NA,NA,NA,https://www.redfin.com/CA/Carpinteria/4405-Del-Mar-Ave-93013/home/21614285,NA,NA,Y,Y,34.3965197,-119.5327801,"4405 Del Mar Ave, Carpinteria, CA",NA,not_found
PAST SALE,August-15-2003,Single Family Residential,4411 Del Mar Ave,Carpinteria,CA,93013-3314,8728629,3,3,Sandyland Cove,NA,NA,NA,NA,NA,NA,Sold,NA,NA,https://www.redfin.com/CA/Carpinteria/4411-Del-Mar-Ave-93013/home/21614284,SBMLS,03-2437,Y,Y,34.3965611,-119.5326227,"4411 Del Mar Ave, Carpinteria, CA",NA,not_found
PAST SALE,NA,Single Family Residential,4431 Del Mar Ave,Carpinteria,CA,93013,3918248,6,6,NA,2960,12197,1940,NA,NA,NA,NA,NA,NA,https://www.redfin.com/CA/Carpinteria/4431-Del-Mar-Ave-93013/home/21614283,NA,NA,Y,Y,34.3965778,-119.5323059,"4431 Del Mar Ave, Carpinteria, CA",NA,not_found
PAST SALE,NA,Single Family Residential,4447 Del Mar Ave,Carpinteria,CA,93013,2634510,4,4,NA,2661,12197,1946,NA,NA,NA,NA,NA,NA,https://www.redfin.com/CA/Carpinteria/4447-Del-Mar-Ave-93013/home/21614282,NA,NA,Y,Y,34.3964477,-119.5322315,"4447 Del Mar Ave, Carpinteria, CA",NA,not_found
PAST SALE,NA,Single Family Residential,100 Sandyland Cove Rd,Carpinteria,CA,93013,2202248,2,2,NA,1246,16117,1931,NA,NA,NA,NA,NA,NA,https://www.redfin.com/CA/Carpinteria/100-Sandyland-Cove-Rd-93013/home/21612980,NA,NA,Y,Y,34.396788,-119.5312412,"100 Sandyland Cove Rd, Carpinteria, CA",NA,not_found
PAST SALE,December-2-2005,Single Family Residential,4477 Avenue Del Mar,Carpinteria,CA,93013,7500000,4,4,Santa Barbara,NA,13939,1998,NA,NA,NA,Sold,NA,NA,https://www.redfin.com/CA/Carpinteria/4477-Del-Mar-Ave-93013/home/21614280,SBMLS,05-4551,Y,Y,34.3963265,-119.5319049,"4477 Avenue Del Mar, Carpinteria, CA",NA,not_found
PAST SALE,NA,Single Family Residential,4501 Del Mar Ave,Carpinteria,CA,93013,4560086,5,6,NA,4533,10019,1956,NA,NA,NA,NA,NA,NA,https://www.redfin.com/CA/Carpinteria/4501-Del-Mar-Ave-93013/home/21615380,NA,NA,Y,Y,34.396271,-119.5315317,"4501 Del Mar Ave, Carpinteria, CA",NA,not_found
PAST SALE,NA,Single Family Residential,4509 Del Mar Ave,Carpinteria,CA,93013,6641253,5,4,NA,3206,10019,1951,NA,NA,NA,NA,NA,NA,https://www.redfin.com/CA/Carpinteria/4509-Del-Mar-Ave-93013/home/21615378,NA,NA,Y,Y,34.395982,-119.531471,"4509 Del Mar Ave, Carpinteria, CA",NA,not_found
PAST SALE,NA,Single Family Residential,4513 Del Mar Ave,Carpinteria,CA,93013,3665868,3,4,NA,3064,10454,1993,NA,269,NA,NA,NA,NA,https://www.redfin.com/CA/Carpinteria/4513-Del-Mar-Ave-93013/home/21614270,NA,NA,Y,Y,34.395957,-119.531335,"4513 Del Mar Ave, Carpinteria, CA",NA,not_found
PAST SALE,September-2-1999,Single Family Residential,4517 Avenue Del Mar,Carpinteria,CA,93013,6253596,3,3,Sandyland Cove,NA,NA,1954,NA,NA,NA,Sold,NA,NA,https://www.redfin.com/CA/Carpinteria/4517-Del-Mar-Ave-93013/home/21614279,SBMLS,99-1463,Y,Y,34.3962075,-119.5311269,"4517 Avenue Del Mar, Carpinteria, CA",NA,not_found
PAST SALE,NA,Single Family Residential,4525 Del Mar Ave,Carpinteria,CA,93013,9900000,3,4,NA,4617,22216,2022,NA,2144,NA,NA,NA,NA,https://www.redfin.com/CA/Carpinteria/4525-Del-Mar-Ave-93013/home/21614278,NA,NA,Y,Y,34.39617,-119.53099,"4525 Del Mar Ave, Carpinteria, CA",NA,not_found
PAST SALE,NA,Single Family Residential,4535 Del Mar Ave,Carpinteria,CA,93013,4136828,4,4,NA,2760,20909,1947,NA,NA,NA,NA,NA,NA,https://www.redfin.com/CA/Carpinteria/4535-Del-Mar-Ave-93013/home/21614277,NA,NA,Y,Y,34.3960752,-119.5307125,"4535 Del Mar Ave, Carpinteria, CA",NA,not_found
PAST SALE,June-26-2017,Single Family Residential,4555 Avenue Del Mar,Carpinteria,CA,93013,8700000,4,3,Sandyland Cove,1531,18295,1947,NA,5683,NA,Sold,NA,NA,https://www.redfin.com/CA/Carpinteria/4555-Del-Mar-Ave-93013/home/21614276,SBMLS,17-1503,Y,Y,34.3959425,-119.5305369,"4555 Avenue Del Mar, Carpinteria, CA",NA,not_found
PAST SALE,November-22-2006,Single Family Residential,4561 Avenue Del Mar,Carpinteria,CA,93013,15423112,5,6.5,Sandyland Cove,4683,21344,NA,NA,3293,NA,Sold,NA,NA,https://www.redfin.com/CA/Carpinteria/4561-Del-Mar-Ave-93013/home/21614275,SBMLS,06-4411,Y,Y,34.3958263,-119.5301897,"4561 Avenue Del Mar, Carpinteria, CA",NA,not_found
PAST SALE,May-19-2000,Single Family Residential,4567 Avenue Del Mar,Carpinteria,CA,93013,2300000,4,3,CARPINTERIA-SUMMERLAND,NA,NA,1955,NA,NA,NA,Sold,NA,NA,https://www.redfin.com/CA/Carpinteria/4567-Del-Mar-Ave-93013/home/21614274,SBMLS,00-844,Y,Y,34.3957943,-119.529966,"4567 Avenue Del Mar, Carpinteria, CA",NA,not_found
PAST SALE,NA,Single Family Residential,4575 Del Mar Ave,Carpinteria,CA,93013,1931523,4,3,NA,1810,6098,1955,NA,NA,NA,NA,NA,NA,https://www.redfin.com/CA/Carpinteria/4575-Del-Mar-Ave-93013/home/21615379,NA,NA,Y,Y,34.3957423,-119.5298578,"4575 Del Mar Ave, Carpinteria, CA",NA,not_found
PAST SALE,January-29-2020,Single Family Residential,4581 Avenue Del Mar,Carpinteria,CA,93013,6400000,4,4,Sandyland Cove,2589,5662,1954,NA,2472,NA,Sold,NA,NA,https://www.redfin.com/CA/Carpinteria/4581-Del-Mar-Ave-93013/home/21614273,SBMLS,20-341,Y,Y,34.3956907,-119.5297395,"4581 Avenue Del Mar, Carpinteria, CA",NA,not_found
PAST SALE,August-31-1995,Single Family Residential,4587 Avenue Del Mar,Carpinteria,CA,93013,6780894,4,3,CARPINTERIA-SUMMERLAND,NA,NA,1000,NA,NA,NA,Sold,NA,NA,https://www.redfin.com/CA/Carpinteria/4587-Del-Mar-Ave-93013/home/21614272,SBMLS,94-3926,Y,Y,34.3956596,-119.5296108,"4587 Avenue Del Mar, Carpinteria, CA",NA,not_found
PAST SALE,NA,Single Family Residential,4599 Del Mar Ave,Carpinteria,CA,93013,3950000,3,4,NA,3353,30928,1953,NA,1178,NA,NA,NA,NA,https://www.redfin.com/CA/Carpinteria/4599-Del-Mar-Ave-93013/home/21612979,NA,NA,Y,Y,34.3955931,-119.5291153,"4599 Del Mar Ave, Carpinteria, CA",NA,not_found
PAST SALE,NA,Condo/Co-op,4729 Sandyland Rd,Carpinteria,CA,93013,1104662,2,2,NA,908,NA,1940,NA,275,NA,NA,NA,NA,https://www.redfin.com/CA/Carpinteria/4729-Sandyland-Rd-93013/home/21614164,NA,NA,Y,Y,34.3955075,-119.5282081,"4729 Sandyland Rd, Carpinteria, CA",NA,not_found
PAST SALE,NA,Condo/Co-op,4725 Sandyland Rd,Carpinteria,CA,93013,1033841,2,1,NA,672,NA,1952,NA,249,NA,NA,NA,NA,https://www.redfin.com/CA/Carpinteria/4725-Sandyland-Rd-93013/home/21614168,NA,NA,Y,Y,34.3954589,-119.5281589,"4725 Sandyland Rd, Carpinteria, CA",NA,not_found
PAST SALE,NA,Condo/Co-op,4757 Sandyland Rd,Carpinteria,CA,93013,973721,3,2,NA,1020,NA,1922,NA,NA,NA,NA,NA,NA,https://www.redfin.com/CA/Carpinteria/4757-Sandyland-Rd-93013/home/21614165,NA,NA,Y,Y,34.3952484,-119.5281668,"4757 Sandyland Rd, Carpinteria, CA",NA,not_found
PAST SALE,August-21-2009,Single Family Residential,4763 Sandyland Rd,Carpinteria,CA,93013,4000000,3,2.5,Sandyland Cove,3000,NA,1989,NA,1333,NA,Sold,NA,NA,https://www.redfin.com/CA/Carpinteria/4763-Sandyland-Rd-93013/home/21517779,SBMLS,08-3029,Y,Y,34.3951954,-119.5277027,"4763 Sandyland Rd, Carpinteria, CA",NA,NA
PAST SALE,NA,Condo/Co-op,4773 Sandyland Rd,Carpinteria,CA,93013,3874737,6,5,NA,6397,NA,1994,NA,NA,NA,NA,NA,NA,https://www.redfin.com/CA/Carpinteria/4773-Sandyland-Rd-93013/home/21614640,NA,NA,Y,Y,34.3951914,-119.5277077,"4773 Sandyland Rd, Carpinteria, CA",NA,NA
PAST SALE,NA,Single Family Residential,4797 Sandyland Rd,Carpinteria,CA,93013,2635977,5,3,NA,2485,30056,1955,NA,NA,NA,NA,NA,NA,https://www.redfin.com/CA/Carpinteria/4797-Sandyland-Rd-93013/home/21615362,NA,NA,Y,Y,34.3952598,-119.527433,"4797 Sandyland Rd, Carpinteria, CA",NA,NA
PAST SALE,NA,Condo/Co-op,4842 Sandyland Rd,Carpinteria,CA,93013,1069553,2,3,NA,1340,NA,1979,NA,160,NA,NA,NA,NA,https://www.redfin.com/CA/Carpinteria/4842-Sandyland-Rd-93013/home/21614103,NA,NA,Y,Y,34.3952865,-119.5264141,"4842 Sandyland Rd, Carpinteria, CA",NA,NA
PAST SALE,June-20-2019,Single Family Residential,4854 Sandyland Rd,Carpinteria,CA,93013,3212211,5,4,Carpinteria,1840,3484,1957,NA,1033,NA,Sold,NA,NA,https://www.redfin.com/CA/Carpinteria/4854-Sandyland-Rd-93013/home/21615361,CSMAR,219002817,Y,Y,34.3951615,-119.5261022,"4854 Sandyland Rd, Carpinteria, CA",NA,NA
PAST SALE,January-22-1998,Single Family Residential,4809 Sandyland,Carpinteria,CA,93013,3351020,2,2.5,CARPINTERIA-SUMMERLAND,NA,NA,1980,NA,NA,NA,Sold,NA,NA,https://www.redfin.com/CA/Carpinteria/4809-Sandyland-Rd-93013/home/143303039,SBMLS,97-2651,Y,Y,34.3949144,-119.5269331,"4809 Sandyland, Carpinteria, CA",NA,NA
PAST SALE,NA,Condo/Co-op,4902 Sandyland Rd #141,Carpinteria,CA,93013,700437,1,1,NA,432,NA,1968,NA,1736,NA,NA,NA,NA,https://www.redfin.com/CA/Carpinteria/4902-Sandyland-Rd-93013/unit-141/home/21613841,NA,NA,Y,Y,34.3947236,-119.5252708,"4902 Sandyland Rd #141, Carpinteria, CA",NA,NA
PAST SALE,May-7-2008,Multi-Family (2-4 Unit),4901 Sandyland Rd,Carpinteria,CA,93013,3950000,21,12,Santa Barbara,NA,5663,1957,NA,NA,NA,Sold,NA,NA,https://www.redfin.com/CA/Carpinteria/4901-Sandyland-Rd-93013/home/21613404,SBMLS,08-931,Y,Y,34.3944267,-119.5257484,"4901 Sandyland Rd, Carpinteria, CA",NA,NA
PAST SALE,May-10-2017,Condo/Co-op,4921 Sandyland Rd #2,Carpinteria,CA,93013,2600000,2,3,Carpinteria,1725,5227,1957,NA,1507,NA,Sold,NA,NA,https://www.redfin.com/CA/Carpinteria/4921-Sandyland-Rd-93013/unit-2/home/192259956,SBMLS,17-1072,Y,Y,34.3942884,-119.5256414,"4921 Sandyland Rd #2, Carpinteria, CA",NA,NA
PAST SALE,NA,Condo/Co-op,4921 Sandyland Rd,Carpinteria,CA,93013,2550000,2,3,NA,1800,NA,1957,NA,1417,NA,NA,NA,NA,https://www.redfin.com/CA/Carpinteria/4921-Sandyland-Rd-93013/home/21613402,NA,NA,Y,Y,34.3942312,-119.5258257,"4921 Sandyland Rd, Carpinteria, CA",NA,NA
