"SALE TYPE","SOLD DATE","PROPERTY TYPE","ADDRESS","CITY","STATE OR PROVINCE","ZIP OR POSTAL CODE","PRICE","BEDS","BATHS","LOCATION","SQUARE FEET","LOT SIZE","YEAR BUILT","DAYS ON MARKET","$/SQUARE FEET","HOA/MONTH","STATUS","NEXT OPEN HOUSE START TIME","NEXT OPEN HOUSE END TIME","URL","SOURCE","MLS#","FAVORITE","INTERESTED","full_address","rentalval","elevation","rent","longitude","latitude","landval_acre","landshare","landval","strval","retreat_year","X","Y"
"PAST SALE","June-30-2020","Single Family Residential","101 Ocean Dr","Oxnard","CA","93035",2494000,4,4,"VC32 - Oxnard - Port Hueneme Beaches",3700,3000,2005,NA,674,NA,"Sold",NA,NA,"https://www.redfin.com/CA/Oxnard/101-Ocean-Dr-93035/home/12131882","CRMLS","220000825","Y","Y","101 Ocean Dr, Oxnard, CA",9598,3.4,115176,-119.2150286,34.1478655,6806200,0.599,1493906,1000094,100,-119.2150286,34.1478655
"PAST SALE","June-22-2021","Single Family Residential","113 Ocean Dr","Oxnard","CA","93035",2575000,4,2.5,"Silverstrand Beach - 0308",2600,3001,1977,NA,990,NA,"Sold",NA,NA,"https://www.redfin.com/CA/Oxnard/113-Ocean-Dr-93035/home/169380093","CRMLS","V1-5347","Y","Y","113 Ocean Dr, Oxnard, CA",7031.85478736925,3.54,84382.257448431,-119.2151943,34.1480421,6806200,0.599,1542425,1032575,86,-119.2151943,34.1480421
"PAST SALE",NA,"Single Family Residential","121 Ocean Dr","Oxnard","CA","93035",625000,5,3,NA,3018,2613,1974,NA,207,NA,NA,NA,NA,"https://www.redfin.com/CA/Oxnard/121-Ocean-Dr-93035/home/4526393",NA,NA,"Y","Y","121 Ocean Dr, Oxnard, CA",8795,3.54,105540,-119.2152493,34.1481111,6806200,0.599,374375,250625,100,-119.2152493,34.1481111
"PAST SALE","January-20-2017","Single Family Residential","81 Santa Monica Ave","Oxnard","CA","93035",1300000,4,3,"Oxnard - Port Hueneme Beaches",1680,1500,1967,NA,774,NA,"Sold",NA,NA,"https://www.redfin.com/CA/Oxnard/81-Santa-Monica-Ave-93035/home/4526390","TheMLS","17-190246","Y","Y","81 Santa Monica Ave, Oxnard, CA",6109,3.59,73308,-119.2154966,34.1482936,6806200,0.599,778700,521300,100,-119.2154966,34.1482936
"PAST SALE",NA,"Single Family Residential","87 Santa Monica Ave","Oxnard","CA","93035",307000,3,3,NA,1346,1306,1980,NA,228,NA,NA,NA,NA,"https://www.redfin.com/CA/Oxnard/87-Santa-Monica-Ave-93035/home/4526389",NA,NA,"Y","Y","87 Santa Monica Ave, Oxnard, CA",5736,3.47,68832,-119.2154259,34.1483287,6806200,0.599,183893,123107,100,-119.2154259,34.1483287
"PAST SALE","October-14-2013","Single Family Residential","201 Ocean Dr","Oxnard","CA","93035",880000,3,3,"Silverstrand Beach - 0308",2029,1960,1981,NA,434,NA,"Sold",NA,NA,"https://www.redfin.com/CA/Oxnard/201-Ocean-Dr-93035/home/4526399","CRMLS","V0-13010929","Y","Y","201 Ocean Dr, Oxnard, CA",6842,3.39,82104,-119.215315,34.1483806,6806200,0.599,527120,352880,100,-119.215315,34.1483806
"PAST SALE","March-12-2024","Single Family Residential","209 Ocean Dr","Oxnard","CA","93035",3100000,3,2.5,"VC32 - Oxnard - Port Hueneme Beaches",2702,2500,2004,NA,1147,NA,"Sold",NA,NA,"https://www.redfin.com/CA/Oxnard/209-Ocean-Dr-93035/home/4526400","CRMLS","V1-21631","Y","Y","209 Ocean Dr, Oxnard, CA",8430,3.53,101160,-119.2155131,34.1484149,6806200,0.599,1856900,1243100,85,-119.2155131,34.1484149
"PAST SALE","December-23-2019","Single Family Residential","215 Ocean Dr","Oxnard","CA","93035",2400000,6,4,"Silverstrand Beach - 0308",3351,2500,1988,NA,716,NA,"Sold",NA,NA,"https://www.redfin.com/CA/Oxnard/215-Ocean-Dr-93035/home/4526392","CRMLS","V0-219011448","Y","Y","215 Ocean Dr, Oxnard, CA",9851,3.67,118212,-119.2155735,34.1484394,6806200,0.599,1437600,962400,100,-119.2155735,34.1484394
"PAST SALE","February-9-2009","Single Family Residential","223 OCEAN Dr","Oxnard","CA","93035",1755000,3,2,"Other (OTHR)",1561,2500,1983,NA,1124,NA,"Sold",NA,NA,"https://www.redfin.com/CA/Oxnard/223-Ocean-Dr-93035/home/4526388","CRMLS","F1775425","Y","Y","223 OCEAN Dr, Oxnard, CA",5831,3.6,69972,-119.2156189,34.1485865,6806200,0.599,1051245,703755,100,-119.2156189,34.1485865
"PAST SALE",NA,"Single Family Residential","301 Ocean Dr","Oxnard","CA","93035",1075000,3,4,NA,2362,2178,1982,NA,455,NA,NA,NA,NA,"https://www.redfin.com/CA/Oxnard/301-Ocean-Dr-93035/home/4526387",NA,NA,"Y","Y","301 Ocean Dr, Oxnard, CA",8009,3.55,96108,-119.2157286,34.1486784,6806200,0.599,643925,431075,100,-119.2157286,34.1486784
"RENTAL",NA,"Single Family Residential","305 Ocean Dr","Oxnard","CA","93035",9000,5,4,"Silverstrand Beach - 0308",2428,2500,1977,NA,NA,NA,NA,NA,NA,"https://www.redfin.com/CA/Oxnard/305-Ocean-Dr-93035/home/4526397",NA,NA,"Y","Y","305 Ocean Dr, Oxnard, CA",7742.20417775119,3.49,92906.4501330143,-119.2157644,34.1487205,6806200,0.599,5391,3609,100,-119.2157644,34.1487205
"PAST SALE",NA,"Single Family Residential","309 Ocean Dr","Oxnard","CA","93035",97000,4,3,NA,2047,2178,1977,NA,47,NA,NA,NA,NA,"https://www.redfin.com/CA/Oxnard/309-Ocean-Dr-93035/home/4526398",NA,NA,"Y","Y","309 Ocean Dr, Oxnard, CA",6640,3.43,79680,-119.2158346,34.1487392,6806200,0.599,58103,38897,100,-119.2158346,34.1487392
"PAST SALE",NA,"Condo/Co-op","317 Ocean Dr","Oxnard","CA","93035",4e+05,4,4,NA,1865,NA,1977,NA,214,NA,NA,NA,NA,"https://www.redfin.com/CA/Oxnard/317-Ocean-Dr-93035/home/4529354",NA,NA,"Y","Y","317 Ocean Dr, Oxnard, CA",4291,3.34,51492,-119.2159221,34.1488339,6806200,0.599,239600,160400,100,-119.2159221,34.1488339
"RENTAL",NA,"Townhouse","313 Ocean Dr","Oxnard","CA","93035",5490,2,2,"VC32 - Oxnard - Port Hueneme Beaches",1700,NA,1977,NA,NA,NA,NA,NA,NA,"https://www.redfin.com/CA/Oxnard/313-Ocean-Dr-93035/home/4529351",NA,NA,"Y","Y","313 Ocean Dr, Oxnard, CA",5145.177610686,3.35,61742.131328232,-119.2158459,34.1488853,6806200,0.599,3288.51,2201.49,100,-119.2158459,34.1488853
"PAST SALE",NA,"Single Family Residential","321 Ocean Dr","Oxnard","CA","93035",675000,4,3,NA,2047,2178,1977,NA,330,NA,NA,NA,NA,"https://www.redfin.com/CA/Oxnard/321-Ocean-Dr-93035/home/4526396",NA,NA,"Y","Y","321 Ocean Dr, Oxnard, CA",6844,3.36,82128,-119.2159402,34.1489193,6806200,0.599,404325,270675,100,-119.2159402,34.1489193
"PAST SALE","March-29-2018","Single Family Residential","320 Ocean Dr","Oxnard","CA","93035",665000,3,3,"Silverstrand Beach - 0308",2125,1400,1974,NA,313,NA,"Sold",NA,NA,"https://www.redfin.com/CA/Oxnard/320-Ocean-Dr-93035/home/4526314","CRMLS","V0-217010669","Y","Y","320 Ocean Dr, Oxnard, CA",6232,3.35,74784,-119.21577980741,34.1490748301028,6806200,0.599,398335,266665,100,-119.21577980741,34.1490748301028
"PAST SALE",NA,"Single Family Residential","401 Ocean Dr","Oxnard","CA","93035",390000,3,2,NA,1838,2178,1978,NA,212,NA,NA,NA,NA,"https://www.redfin.com/CA/Oxnard/401-Ocean-Dr-93035/home/4526386",NA,NA,"Y","Y","401 Ocean Dr, Oxnard, CA",5768,3.39,69216,-119.2160276,34.1490765,6806200,0.599,233610,156390,100,-119.2160276,34.1490765
"PAST SALE","November-10-2022","Single Family Residential","405 Ocean Dr","Oxnard","CA","93035",3218000,4,4.5,"VC32 - Oxnard - Port Hueneme Beaches",2792,2500,2011,NA,1153,NA,"Sold",NA,NA,"https://www.redfin.com/CA/Oxnard/405-Ocean-Dr-93035/home/4526385","CRMLS","V1-14024","Y","Y","405 Ocean Dr, Oxnard, CA",8384,3.37,100608,-119.2161638,34.1490809,6806200,0.599,1927582,1290418,73,-119.2161638,34.1490809
"PAST SALE","November-8-2021","Single Family Residential","409 Ocean Dr","Oxnard","CA","93035",3400000,3,4,"Silverstrand Beach - 0308",3402,NA,1999,NA,999,NA,"Sold",NA,NA,"https://www.redfin.com/CA/Oxnard/409-Ocean-Dr-93035/home/4526384","CRMLS","V1-8346","Y","Y","409 Ocean Dr, Oxnard, CA",9619,3.44,115428,-119.2161525,34.1491733,6806200,0.599,2036600,1363400,84,-119.2161525,34.1491733
"PAST SALE","April-13-2017","Single Family Residential","413 Ocean Dr","Oxnard","CA","93035",2090000,4,3,"Oxnard - Port Hueneme Beaches",2848,2500,NA,NA,734,NA,"Sold",NA,NA,"https://www.redfin.com/CA/Oxnard/413-Ocean-Dr-93035/home/4526383","TheMLS","16-170528","Y","Y","413 Ocean Dr, Oxnard, CA",8568,3.45,102816,-119.2161912,34.1492199,6806200,0.599,1251910,838090,100,-119.2161912,34.1492199
"PAST SALE","March-31-2010","Single Family Residential","417 OCEAN Dr","Oxnard","CA","93035",1300000,3,3.5,"Other (OTHR)",2330,2500,1991,NA,558,NA,"Sold",NA,NA,"https://www.redfin.com/CA/Oxnard/417-Ocean-Dr-93035/home/4526395","CRMLS","V0-90009645","Y","Y","417 OCEAN Dr, Oxnard, CA",8132,3.51,97584,-119.2162433,34.1492689,6806200,0.599,778700,521300,100,-119.2162433,34.1492689
"PAST SALE",NA,"Single Family Residential","433 Ocean Dr","Oxnard","CA","93035",60000,4,3,NA,2860,2178,1978,NA,21,NA,NA,NA,NA,"https://www.redfin.com/CA/Oxnard/433-Ocean-Dr-93035/home/4526394",NA,NA,"Y","Y","433 Ocean Dr, Oxnard, CA",8205,3.58,98460,-119.2162685,34.1493273,6806200,0.599,35940,24060,100,-119.2162685,34.1493273
"PAST SALE",NA,"Single Family Residential","435 Ocean Dr","Oxnard","CA","93035",5e+05,3,3,NA,3092,2178,1987,NA,162,NA,NA,NA,NA,"https://www.redfin.com/CA/Oxnard/435-Ocean-Dr-93035/home/4526382",NA,NA,"Y","Y","435 Ocean Dr, Oxnard, CA",8320,3.61,99840,-119.2163147,34.1493799,6806200,0.599,299500,200500,100,-119.2163147,34.1493799
"PAST SALE",NA,"Multi-Family (2-4 Unit)","501 Ocean Dr","Oxnard","CA","93035",537000,NA,NA,NA,3161,3049,1977,NA,170,NA,NA,NA,NA,"https://www.redfin.com/CA/Oxnard/501-Ocean-Dr-93035/home/4526381",NA,NA,"Y","Y","501 Ocean Dr, Oxnard, CA",3358,3.69,40296,-119.2163733,34.1494911,6806200,0.599,321663,215337,100,-119.2163733,34.1494911
"PAST SALE",NA,"Single Family Residential","513 Ocean Dr","Oxnard","CA","93035",940000,5,5,NA,3690,3049,1985,NA,255,NA,NA,NA,NA,"https://www.redfin.com/CA/Oxnard/513-Ocean-Dr-93035/home/4526379",NA,NA,"Y","Y","513 Ocean Dr, Oxnard, CA",9345,3.75,112140,-119.216528,34.1496232,6806200,0.599,563060,376940,100,-119.216528,34.1496232
"PAST SALE",NA,"Single Family Residential","525 Ocean Dr","Oxnard","CA","93035",425000,1,1,NA,570,2613,1938,NA,746,NA,NA,NA,NA,"https://www.redfin.com/CA/Oxnard/525-Ocean-Dr-93035/home/4526378",NA,NA,"Y","Y","525 Ocean Dr, Oxnard, CA",2677,3.79,32124,-119.2166354,34.1497954,6806200,0.599,254575,170425,100,-119.2166354,34.1497954
"PAST SALE",NA,"Single Family Residential","601 Ocean Dr","Oxnard","CA","93035",315000,3,2,NA,2590,2178,NA,NA,122,NA,NA,NA,NA,"https://www.redfin.com/CA/Oxnard/601-Ocean-Dr-93035/home/4526377",NA,NA,"Y","Y","601 Ocean Dr, Oxnard, CA",6722,3.82,80664,-119.2167404,34.149885,6806200,0.599,188685,126315,100,-119.2167404,34.149885
"PAST SALE",NA,"Single Family Residential","605 Ocean Dr","Oxnard","CA","93035",1300000,2,1,NA,812,2178,1938,NA,1601,NA,NA,NA,NA,"https://www.redfin.com/CA/Oxnard/605-Ocean-Dr-93035/home/4526376",NA,NA,"Y","Y","605 Ocean Dr, Oxnard, CA",3358,3.82,40296,-119.2167971,34.1499713,6806200,0.599,778700,521300,96,-119.2167971,34.1499713
"PAST SALE",NA,"Single Family Residential","617 Ocean Dr","Oxnard","CA","93035",1490000,3,4,NA,3516,2178,1988,NA,424,NA,NA,NA,NA,"https://www.redfin.com/CA/Oxnard/617-Ocean-Dr-93035/home/4526374",NA,NA,"Y","Y","617 Ocean Dr, Oxnard, CA",9613,3.83,115356,-119.2169657,34.1500914,6806200,0.599,892510,597490,100,-119.2169657,34.1500914
"PAST SALE",NA,"Single Family Residential","625 Ocean Dr","Oxnard","CA","93035",460000,2,2,NA,2311,2178,1978,NA,199,NA,NA,NA,NA,"https://www.redfin.com/CA/Oxnard/625-Ocean-Dr-93035/home/4526373",NA,NA,"Y","Y","625 Ocean Dr, Oxnard, CA",6174,3.84,74088,-119.2170251,34.1501728,6806200,0.599,275540,184460,100,-119.2170251,34.1501728
"PAST SALE",NA,"Multi-Family (2-4 Unit)","701 Ocean Dr","Oxnard","CA","93035",25000,NA,NA,NA,2446,2178,1975,NA,10,NA,NA,NA,NA,"https://www.redfin.com/CA/Oxnard/701-Ocean-Dr-93035/home/4526789",NA,NA,"Y","Y","701 Ocean Dr, Oxnard, CA",6679,3.86,80148,-119.2171085,34.1502534,6806200,0.599,14975,10025,100,-119.2171085,34.1502534
"PAST SALE",NA,"Single Family Residential","705 Ocean Dr","Oxnard","CA","93035",3750000,3,5,NA,2934,2178,2005,NA,1278,NA,NA,NA,NA,"https://www.redfin.com/CA/Oxnard/705-Ocean-Dr-93035/home/4526787",NA,NA,"Y","Y","705 Ocean Dr, Oxnard, CA",9449,3.85,113388,-119.21717,34.150337,6806200,0.599,2246250,1503750,95,-119.21717,34.150337
"PAST SALE","April-1-2019","Single Family Residential","725 Ocean Dr","Oxnard","CA","93035",2035000,3,4,"VC32 - Oxnard - Port Hueneme Beaches",2212,2550,1975,NA,920,NA,"Sold",NA,NA,"https://www.redfin.com/CA/Oxnard/725-Ocean-Dr-93035/home/4526780","CRMLS","V0-218007581","Y","Y","725 Ocean Dr, Oxnard, CA",8384,3.87,100608,-119.2173656,34.1505766,6806200,0.599,1218965,816035,100,-119.2173656,34.1505766
"PAST SALE","February-12-2024","Single Family Residential","801 Ocean Dr","Oxnard","CA","93035",2874432,3,2,"VC32 - Oxnard - Port Hueneme Beaches",2130,2550,1987,NA,1349,NA,"Sold",NA,NA,"https://www.redfin.com/CA/Oxnard/801-Ocean-Dr-93035/home/4526778","CRMLS","V1-21220","Y","Y","801 Ocean Dr, Oxnard, CA",6300,3.87,75600,-119.2174201,34.1506971,6806200,0.599,1721784.768,1152647.232,84,-119.2174201,34.1506971
"PAST SALE",NA,"Single Family Residential","805 Ocean Dr","Oxnard","CA","93035",372500,4,2,NA,1734,2178,1947,NA,215,NA,NA,NA,NA,"https://www.redfin.com/CA/Oxnard/805-Ocean-Dr-93035/home/4526774",NA,NA,"Y","Y","805 Ocean Dr, Oxnard, CA",5927,3.99,71124,-119.2175042,34.1507615,6806200,0.599,223127.5,149372.5,100,-119.2175042,34.1507615
"PAST SALE",NA,"Single Family Residential","813 Ocean Dr","Oxnard","CA","93035",1650000,4,3,NA,1792,2178,1961,NA,921,NA,NA,NA,NA,"https://www.redfin.com/CA/Oxnard/813-Ocean-Dr-93035/home/4526770",NA,NA,"Y","Y","813 Ocean Dr, Oxnard, CA",6679,3.86,80148,-119.2175494,34.150854,6806200,0.599,988350,661650,100,-119.2175494,34.150854
"PAST SALE","November-30-2021","Single Family Residential","817 Ocean Dr","Oxnard","CA","93035",4295000,5,4,"Silverstrand Beach - 0308",3408,2550,2000,NA,1260,NA,"Sold",NA,NA,"https://www.redfin.com/CA/Oxnard/817-Ocean-Dr-93035/home/4526768","CRMLS","V1-8742","Y","Y","817 Ocean Dr, Oxnard, CA",9817,4.27,117804,-119.2176623,34.1508775,6806200,0.599,2572705,1722295,100,-119.2176623,34.1508775
"PAST SALE","September-30-2016","Single Family Residential","825 OCEAN Dr","Oxnard","CA","93035",2295000,4,3,"Silverstrand Beach",1700,NA,1940,NA,1350,NA,"Sold",NA,NA,"https://www.redfin.com/CA/Oxnard/825-Ocean-Dr-93035/home/4526766","CRMLS","V0-216012526","Y","Y","825 OCEAN Dr, Oxnard, CA",5137,3.89,61644,-119.2176968,34.150984,6806200,0.599,1374705,920295,87,-119.2176968,34.150984
"PAST SALE",NA,"Single Family Residential","901 Ocean Dr","Oxnard","CA","93035",3100000,4,5,NA,3502,2178,2005,NA,885,NA,NA,NA,NA,"https://www.redfin.com/CA/Oxnard/901-Ocean-Dr-93035/home/4526763",NA,NA,"Y","Y","901 Ocean Dr, Oxnard, CA",9687,3.44,116244,-119.2177976,34.1510734,6806200,0.599,1856900,1243100,94,-119.2177976,34.1510734
"PAST SALE",NA,"Single Family Residential","905 Ocean Dr","Oxnard","CA","93035",40000,3,3,NA,1465,2178,NA,NA,27,NA,NA,NA,NA,"https://www.redfin.com/CA/Oxnard/905-Ocean-Dr-93035/home/4526762",NA,NA,"Y","Y","905 Ocean Dr, Oxnard, CA",5878,3.3,70536,-119.2178893,34.1511364,6806200,0.599,23960,16040,100,-119.2178893,34.1511364
"PAST SALE","November-1-2023","Single Family Residential","913 Ocean Dr","Oxnard","CA","93035",3580000,4,3,"VC32 - Oxnard - Port Hueneme Beaches",2441,2550,1973,NA,1467,NA,"Sold",NA,NA,"https://www.redfin.com/CA/Oxnard/913-Ocean-Dr-93035/home/4526794","CRMLS","V1-19490","Y","Y","913 Ocean Dr, Oxnard, CA",8371,2.88,100452,-119.2179226,34.1512303,6806200,0.599,2144420,1435580,36,-119.2179226,34.1512303
"PAST SALE",NA,"Single Family Residential","925 Ocean Dr","Oxnard","CA","93035",61500,4,4,NA,2584,2178,1970,NA,24,NA,NA,NA,NA,"https://www.redfin.com/CA/Oxnard/925-Ocean-Dr-93035/home/4526759",NA,NA,"Y","Y","925 Ocean Dr, Oxnard, CA",8699,3.28,104388,-119.2180255,34.1513793,6806200,0.599,36838.5,24661.5,100,-119.2180255,34.1513793
"PAST SALE",NA,"Single Family Residential","1001 Ocean Dr","Oxnard","CA","93035",75000,4,NA,NA,3263,2178,1986,NA,23,NA,NA,NA,NA,"https://www.redfin.com/CA/Oxnard/1001-Ocean-Dr-93035/home/4526757",NA,NA,"Y","Y","1001 Ocean Dr, Oxnard, CA",8043,3.8,96516,-119.2181107,34.1515019,6806200,0.599,44925,30075,100,-119.2181107,34.1515019
"PAST SALE","November-13-2012","Single Family Residential","1013 Ocean Dr","Oxnard","CA","93035",1400000,3,2.5,"Silverstrand Beach - 0308",2504,2550,1988,NA,559,NA,"Sold",NA,NA,"https://www.redfin.com/CA/Oxnard/1013-Ocean-Dr-93035/home/4526751","CRMLS","V0-12003802","Y","Y","1013 Ocean Dr, Oxnard, CA",9162,3.82,109944,-119.2182675,34.1516356,6806200,0.599,838600,561400,100,-119.2182675,34.1516356
"PAST SALE",NA,"Single Family Residential","1017 Ocean Dr","Oxnard","CA","93035",665000,2,2,NA,1969,2178,NA,NA,338,NA,NA,NA,NA,"https://www.redfin.com/CA/Oxnard/1017-Ocean-Dr-93035/home/4526750",NA,NA,"Y","Y","1017 Ocean Dr, Oxnard, CA",5993,3.74,71916,-119.2183401,34.1517119,6806200,0.599,398335,266665,100,-119.2183401,34.1517119
"PAST SALE",NA,"Single Family Residential","1025 Ocean Dr","Oxnard","CA","93035",22000,4,2,NA,1312,2178,1974,NA,17,NA,NA,NA,NA,"https://www.redfin.com/CA/Oxnard/1025-Ocean-Dr-93035/home/4526749",NA,NA,"Y","Y","1025 Ocean Dr, Oxnard, CA",4863,3.72,58356,-119.2184213,34.1517745,6806200,0.599,13178,8822,100,-119.2184213,34.1517745
"PAST SALE","May-31-2013","Single Family Residential","1101 OCEAN Dr","Oxnard","CA","93035",2675000,4,3.5,"VC32 - Oxnard - Port Hueneme Beaches",3210,2550,2011,NA,833,NA,"Sold",NA,NA,"https://www.redfin.com/CA/Oxnard/1101-Ocean-Dr-93035/home/4526746","CRMLS","13000113","Y","Y","1101 OCEAN Dr, Oxnard, CA",9645,3.75,115740,-119.218485,34.1518911,6806200,0.599,1602325,1072675,100,-119.218485,34.1518911
"PAST SALE",NA,"Single Family Residential","1105 Ocean Dr","Oxnard","CA","93035",2375000,3,3,NA,2065,2178,1981,NA,1150,NA,NA,NA,NA,"https://www.redfin.com/CA/Oxnard/1105-Ocean-Dr-93035/home/4526745",NA,NA,"Y","Y","1105 Ocean Dr, Oxnard, CA",7144,3.77,85728,-119.2185364,34.1519648,6806200,0.599,1422625,952375,100,-119.2185364,34.1519648
"PAST SALE",NA,"Single Family Residential","1113 Ocean Dr","Oxnard","CA","93035",150000,4,6,NA,2195,2178,2014,NA,68,NA,NA,NA,NA,"https://www.redfin.com/CA/Oxnard/1113-Ocean-Dr-93035/home/4526797",NA,NA,"Y","Y","1113 Ocean Dr, Oxnard, CA",8043,3.51,96516,-119.2186033,34.1520426,6806200,0.599,89850,60150,100,-119.2186033,34.1520426
"PAST SALE","November-6-2018","Single Family Residential","1117 Ocean Dr","Oxnard","CA","93035",2900000,3,3,"Oxnard - PH Beaches",2916,2674,1990,NA,995,NA,"Sold",NA,NA,"https://www.redfin.com/CA/Oxnard/1117-Ocean-Dr-93035/home/4526800","CSMAR","218004405","Y","Y","1117 Ocean Dr, Oxnard, CA",8407,3.57,100884,-119.218673,34.1521263,6806200,0.599,1737100,1162900,93,-119.218673,34.1521263
"PAST SALE","May-25-2018","Single Family Residential","1125 Ocean Dr","Oxnard","CA","93035",1700000,4,2.5,"Silverstrand Beach - 0308",1380,2183,1957,NA,1232,NA,"Sold",NA,NA,"https://www.redfin.com/CA/Oxnard/1125-Ocean-Dr-93035/home/4526743","CRMLS","V0-217011876","Y","Y","1125 Ocean Dr, Oxnard, CA",8954,3.72,107448,-119.2187265,34.1522027,6806200,0.599,1018300,681700,100,-119.2187265,34.1522027
"PAST SALE",NA,"Single Family Residential","1201 Ocean Dr","Oxnard","CA","93035",865000,4,2,NA,2121,2178,1960,NA,408,NA,NA,NA,NA,"https://www.redfin.com/CA/Oxnard/1201-Ocean-Dr-93035/home/4527486",NA,NA,"Y","Y","1201 Ocean Dr, Oxnard, CA",6552,3.44,78624,-119.2188081,34.1522953,6806200,0.599,518135,346865,100,-119.2188081,34.1522953
"PAST SALE","September-21-2021","Single Family Residential","1205 Ocean Dr","Oxnard","CA","93035",2475000,2,2,"Oxnard - PH Beaches",1041,2550,1933,NA,2378,NA,"Sold",NA,NA,"https://www.redfin.com/CA/Oxnard/1205-Ocean-Dr-93035/home/4527482","CSMAR","221002906","Y","Y","1205 Ocean Dr, Oxnard, CA",4351,3.54,52212,-119.2188655,34.1523853,6806200,0.599,1482525,992475,47,-119.2188655,34.1523853
"PAST SALE","February-2-2012","Single Family Residential","1213 Ocean Dr","Oxnard","CA","93035",1475000,3,3,"VC32 - Oxnard - Port Hueneme Beaches",2154,2550,1977,NA,685,NA,"Sold",NA,NA,"https://www.redfin.com/CA/Oxnard/1213-Ocean-Dr-93035/home/4527477","CRMLS","V0-11017409","Y","Y","1213 Ocean Dr, Oxnard, CA",8150,3.74,97800,-119.2189566,34.1524384,6806200,0.599,883525,591475,100,-119.2189566,34.1524384
"PAST SALE","August-14-2012","Single Family Residential","1301 Ocean Dr","Oxnard","CA","93035",1550000,3,3,"Silverstrand Beach - 0308",2044,1913,1998,NA,758,NA,"Sold",NA,NA,"https://www.redfin.com/CA/Oxnard/1301-Ocean-Dr-93035/home/4527547","CRMLS","V0-12004031","Y","Y","1301 Ocean Dr, Oxnard, CA",6695,3.73,80340,-119.2191607,34.152674,6806200,0.599,928450,621550,100,-119.2191607,34.152674
"PAST SALE","December-15-2016","Single Family Residential","1305 Ocean Dr","Oxnard","CA","93035",2050000,3,3,"Oxnard - PH Beaches",2216,1913,1998,NA,925,NA,"Sold",NA,NA,"https://www.redfin.com/CA/Oxnard/1305-Ocean-Dr-93035/home/4527543","CSMAR","216008793","Y","Y","1305 Ocean Dr, Oxnard, CA",7474,3.73,89688,-119.2192061,34.1527417,6806200,0.599,1227950,822050,100,-119.2192061,34.1527417
"PAST SALE","December-31-1998","Single Family Residential","1309 Ocean Dr","Los Angeles","CA","93035",750000,3,2.75,"Oxnard",NA,NA,1988,NA,NA,NA,"Sold",NA,NA,"https://www.redfin.com/CA/Oxnard/1309-Ocean-Dr-93035/home/4527539","TheMLS","829692","Y","Y","1309 Ocean Dr, Los Angeles, CA",5317,3.73,63804,-119.2192825,34.1527721,6806200,0.599,449250,300750,100,-119.2192825,34.1527721
"PAST SALE",NA,"Single Family Residential","1313 Ocean Dr","Oxnard","CA","93035",858000,2,3,NA,1629,1873,1988,NA,527,NA,NA,NA,NA,"https://www.redfin.com/CA/Oxnard/1313-Ocean-Dr-93035/home/4527535",NA,NA,"Y","Y","1313 Ocean Dr, Oxnard, CA",5812,3.73,69744,-119.2193302,34.1528417,6806200,0.599,513942,344058,100,-119.2193302,34.1528417
"PAST SALE","January-24-2019","Single Family Residential","1317 Ocean Dr","Oxnard","CA","93035",2050000,3,3.5,"Silverstrand Beach - 0308",2263,2550,1976,NA,906,NA,"Sold",NA,NA,"https://www.redfin.com/CA/Oxnard/1317-Ocean-Dr-93035/home/4527508","CRMLS","V0-218013983","Y","Y","1317 Ocean Dr, Oxnard, CA",6854,3.73,82248,-119.2193854,34.1529064,6806200,0.599,1227950,822050,100,-119.2193854,34.1529064
"PAST SALE",NA,"Single Family Residential","1325 Ocean Dr","Oxnard","CA","93035",380000,5,2,NA,2184,2178,1972,NA,174,NA,NA,NA,NA,"https://www.redfin.com/CA/Oxnard/1325-Ocean-Dr-93035/home/4527514",NA,NA,"Y","Y","1325 Ocean Dr, Oxnard, CA",6527,3.73,78324,-119.219462,34.1529717,6806200,0.599,227620,152380,100,-119.219462,34.1529717
"PAST SALE",NA,"Single Family Residential","1413 Ocean Dr","Oxnard","CA","93035",1290000,3,3,NA,3253,2178,1991,NA,397,NA,NA,NA,NA,"https://www.redfin.com/CA/Oxnard/1413-Ocean-Dr-93035/home/4527465",NA,NA,"Y","Y","1413 Ocean Dr, Oxnard, CA",8500,3.73,102000,-119.2196799,34.1532195,6806200,0.599,772710,517290,100,-119.2196799,34.1532195
"PAST SALE","July-2-2021","Single Family Residential","1417 Ocean Dr","Oxnard","CA","93035",3150000,3,3.5,"Oxnard - PH Beaches",2622,2550,1978,NA,1201,NA,"Sold",NA,NA,"https://www.redfin.com/CA/Oxnard/1417-Ocean-Dr-93035/home/4527527","CSMAR","221002194","Y","Y","1417 Ocean Dr, Oxnard, CA",9330,3.73,111960,-119.2197457,34.1532905,6806200,0.599,1886850,1263150,100,-119.2197457,34.1532905
"PAST SALE",NA,"Single Family Residential","1425 Ocean Dr","Oxnard","CA","93035",650000,3,3,NA,2247,2178,1978,NA,289,NA,NA,NA,NA,"https://www.redfin.com/CA/Oxnard/1425-Ocean-Dr-93035/home/4527530",NA,NA,"Y","Y","1425 Ocean Dr, Oxnard, CA",7322,3.73,87864,-119.2198107,34.1533639,6806200,0.599,389350,260650,100,-119.2198107,34.1533639
"PAST SALE",NA,"Single Family Residential","1501 Ocean Dr","Oxnard","CA","93035",1050000,3,3,NA,2099,2178,1981,NA,500,NA,NA,NA,NA,"https://www.redfin.com/CA/Oxnard/1501-Ocean-Dr-93035/home/4527462",NA,NA,"Y","Y","1501 Ocean Dr, Oxnard, CA",7294,3.73,87528,-119.2198872,34.1534788,6806200,0.599,628950,421050,100,-119.2198872,34.1534788
"PAST SALE","May-27-2020","Single Family Residential","1505 Ocean Dr","Oxnard","CA","93035",1400000,4,2,"VC32 - Oxnard - Port Hueneme Beaches",3226,2550,1960,NA,434,NA,"Sold",NA,NA,"https://www.redfin.com/CA/Oxnard/1505-Ocean-Dr-93035/home/4527456","CRMLS","V0-220002144","Y","Y","1505 Ocean Dr, Oxnard, CA",8260,3.73,99120,-119.2199376,34.15356,6806200,0.599,838600,561400,100,-119.2199376,34.15356
"PAST SALE","September-27-2013","Single Family Residential","1513 OCEAN Dr","Oxnard","CA","93035",1450000,2,1,"Silverstrand Beach",1048,2178,1970,NA,1384,NA,"Sold",NA,NA,"https://www.redfin.com/CA/Oxnard/1513-Ocean-Dr-93035/home/4527451","CRMLS","V0-13008358","Y","Y","1513 OCEAN Dr, Oxnard, CA",3699,3.73,44388,-119.2200162,34.1536201,6806200,0.599,868550,581450,90,-119.2200162,34.1536201
"PAST SALE","July-2-2008","Single Family Residential","1517 OCEAN Dr","Oxnard","CA","93035",2300000,3,3,"Other (OTHR)",2268,2550,1975,NA,1014,NA,"Sold",NA,NA,"https://www.redfin.com/CA/Oxnard/1517-Ocean-Dr-93035/home/4527495","CRMLS","V0-70020476","Y","Y","1517 OCEAN Dr, Oxnard, CA",7454,3.74,89448,-119.2201043,34.1536834,6806200,0.599,1377700,922300,100,-119.2201043,34.1536834
"PAST SALE",NA,"Single Family Residential","1525 Ocean Dr","Oxnard","CA","93035",870000,3,3,NA,2362,2178,1977,NA,368,NA,NA,NA,NA,"https://www.redfin.com/CA/Oxnard/1525-Ocean-Dr-93035/home/4527498",NA,NA,"Y","Y","1525 Ocean Dr, Oxnard, CA",7094,3.73,85128,-119.2201736,34.1537579,6806200,0.599,521130,348870,100,-119.2201736,34.1537579
"PAST SALE",NA,"Single Family Residential","1601 Ocean Dr","Oxnard","CA","93035",725000,3,4,NA,3008,2178,2006,NA,241,NA,NA,NA,NA,"https://www.redfin.com/CA/Oxnard/1601-Ocean-Dr-93035/home/12131886",NA,NA,"Y","Y","1601 Ocean Dr, Oxnard, CA",8686,3.73,104232,-119.2202505,34.1538613,6806200,0.599,434275,290725,100,-119.2202505,34.1538613
"PAST SALE","August-6-2019","Single Family Residential","1605 Ocean Dr","Oxnard","CA","93035",2150000,5,3,"Silverstrand Beach - 0308",2048,2550,1965,NA,1050,NA,"Sold",NA,NA,"https://www.redfin.com/CA/Oxnard/1605-Ocean-Dr-93035/home/4527447","CRMLS","V0-219006576","Y","Y","1605 Ocean Dr, Oxnard, CA",7715,3.73,92580,-119.2203332,34.1539095,6806200,0.599,1287850,862150,100,-119.2203332,34.1539095
"PAST SALE",NA,"Single Family Residential","1613 Ocean Dr","Oxnard","CA","93035",2974000,3,3,NA,2285,2178,1981,NA,1302,NA,NA,NA,NA,"https://www.redfin.com/CA/Oxnard/1613-Ocean-Dr-93035/home/4527443",NA,NA,"Y","Y","1613 Ocean Dr, Oxnard, CA",7501,3.73,90012,-119.2203375,34.1539321,6806200,0.599,1781426,1192574,89,-119.2203375,34.1539321
"PAST SALE","September-28-2018","Single Family Residential","1617 Ocean Dr","Oxnard","CA","93035",2985000,4,3,"Oxnard",3148,NA,1986,NA,948,NA,"Sold",NA,NA,"https://www.redfin.com/CA/Oxnard/1617-Ocean-Dr-93035/home/4527437","SBMLS","18-2779","Y","Y","1617 Ocean Dr, Oxnard, CA",8567,3.73,102804,-119.2204775,34.1540805,6806200,0.599,1788015,1196985,100,-119.2204775,34.1540805
"PAST SALE",NA,"Single Family Residential","1625 Ocean Dr","Oxnard","CA","93035",3e+05,2,NA,NA,2933,2178,1988,NA,102,NA,NA,NA,NA,"https://www.redfin.com/CA/Oxnard/1625-Ocean-Dr-93035/home/4527431",NA,NA,"Y","Y","1625 Ocean Dr, Oxnard, CA",9277,3.73,111324,-119.2205285,34.1541517,6806200,0.599,179700,120300,100,-119.2205285,34.1541517
"PAST SALE","March-3-2022","Single Family Residential","1801 Ocean Dr","Oxnard","CA","93035",4230000,4,3.5,"Silverstrand Beach - 0308",3402,2550,1999,NA,1243,NA,"Sold",NA,NA,"https://www.redfin.com/CA/Oxnard/1801-Ocean-Dr-93035/home/4527552","CRMLS","V1-10006","Y","Y","1801 Ocean Dr, Oxnard, CA",9800,3.73,117600,-119.220977,34.1546263,6806200,0.599,2533770,1696230,82,-119.220977,34.1546263
"PAST SALE",NA,"Single Family Residential","1805 Ocean Dr","Oxnard","CA","93035",355000,1,4,NA,3412,2613,1999,NA,104,NA,NA,NA,NA,"https://www.redfin.com/CA/Oxnard/1805-Ocean-Dr-93035/home/4527555",NA,NA,"Y","Y","1805 Ocean Dr, Oxnard, CA",7457,3.73,89484,-119.2210524,34.1547153,6806200,0.599,212645,142355,100,-119.2210524,34.1547153
"PAST SALE","August-3-2020","Single Family Residential","1901 Ocean Dr","Oxnard","CA","93035",2200000,3,4,"Silverstrand Beach - 0308",1872,2408,1975,NA,1175,NA,"Sold",NA,NA,"https://www.redfin.com/CA/Oxnard/1901-Ocean-Dr-93035/home/4527523","CRMLS","V0-220006299","Y","Y","1901 Ocean Dr, Oxnard, CA",6882,3.72,82584,-119.2213402,34.1550485,6806200,0.599,1317800,882200,100,-119.2213402,34.1550485
"PAST SALE",NA,"Single Family Residential","1913 Ocean Dr","Oxnard","CA","93035",440000,2,2,NA,2553,2613,1978,NA,172,NA,NA,NA,NA,"https://www.redfin.com/CA/Oxnard/1913-Ocean-Dr-93035/home/4527504",NA,NA,"Y","Y","1913 Ocean Dr, Oxnard, CA",6657,3.73,79884,-119.2214764,34.1551721,6806200,0.599,263560,176440,100,-119.2214764,34.1551721
"PAST SALE","March-24-2017","Single Family Residential","1925 Ocean Dr","Oxnard","CA","93035",2975000,6,3.5,"Silverstrand Beach - 0308",4536,3920,1977,NA,656,NA,"Sold",NA,NA,"https://www.redfin.com/CA/Oxnard/1925-Ocean-Dr-93035/home/4527409","CRMLS","V0-217001732","Y","Y","1925 Ocean Dr, Oxnard, CA",9699,3.72,116388,-119.2216034,34.1552715,6806200,0.599,1782025,1192975,100,-119.2216034,34.1552715
"PAST SALE","October-11-2018","Single Family Residential","2001 Ocean Dr","Oxnard","CA","93035",1910000,2,1,"Silverstrand Beach - 0308",1319,2550,1935,NA,1448,NA,"Sold",NA,NA,"https://www.redfin.com/CA/Oxnard/2001-Ocean-Dr-93035/home/4528182","CRMLS","V0-218010877","Y","Y","2001 Ocean Dr, Oxnard, CA",4164,3.64,49968,-119.2217015,34.1553969,6806200,0.599,1144090,765910,72,-119.2217015,34.1553969
"PAST SALE","October-21-2022","Single Family Residential","2013 Ocean Dr","Oxnard","CA","93035",4100000,3,4.5,"VC32 - Oxnard - Port Hueneme Beaches",2500,2550,1985,NA,1640,NA,"Sold",NA,NA,"https://www.redfin.com/CA/Oxnard/2013-Ocean-Dr-93035/home/4349468","CRMLS","V1-14618","Y","Y","2013 Ocean Dr, Oxnard, CA",9277,3.79,111324,-119.2218851,34.155503,6806200,0.599,2455900,1644100,83,-119.2218851,34.155503
"PAST SALE","September-12-2019","Single Family Residential","2101 Ocean Dr","Oxnard","CA","93035",2450000,4,3,"VC32 - Oxnard - Port Hueneme Beaches",2005,NA,1940,NA,1222,NA,"Sold",NA,NA,"https://www.redfin.com/CA/Oxnard/2101-Ocean-Dr-93035/home/4528160","CRMLS","219000886","Y","Y","2101 Ocean Dr, Oxnard, CA",6140,3.69,73680,-119.2221235,34.1557678,6806200,0.599,1467550,982450,86,-119.2221235,34.1557678
"PAST SALE",NA,"Single Family Residential","2105 Ocean Dr","Oxnard","CA","93035",340000,3,4,NA,2804,2178,1999,NA,121,NA,NA,NA,NA,"https://www.redfin.com/CA/Oxnard/2105-Ocean-Dr-93035/home/4528155",NA,NA,"Y","Y","2105 Ocean Dr, Oxnard, CA",9204,3.67,110448,-119.2222098,34.155827,6806200,0.599,203660,136340,100,-119.2222098,34.155827
"PAST SALE","May-11-2012","Single Family Residential","2109 Ocean Dr","Oxnard","CA","93035",2312500,3,4,"Silverstrand Beach - 0308",2886,2550,2002,NA,801,NA,"Sold",NA,NA,"https://www.redfin.com/CA/Oxnard/2109-Ocean-Dr-93035/home/4528150","CRMLS","V0-11008256","Y","Y","2109 Ocean Dr, Oxnard, CA",9414,3.65,112968,-119.2222668,34.1558754,6806200,0.599,1385187.5,927312.5,100,-119.2222668,34.1558754
"PAST SALE",NA,"Single Family Residential","2113 Ocean Dr","Oxnard","CA","93035",1350000,4,2.5,NA,2562,2178,1928,NA,527,NA,NA,NA,NA,"https://www.redfin.com/CA/Oxnard/2113-Ocean-Dr-93035/home/4528145",NA,NA,"Y","Y","2113 Ocean Dr, Oxnard, CA",8317,3.65,99804,-119.2223568,34.1559603,6806200,0.599,808650,541350,100,-119.2223568,34.1559603
"PAST SALE","February-11-2020","Single Family Residential","2117 Ocean Dr","Oxnard","CA","93035",2402500,3,3,"Silverstrand Beach - 0308",2120,2550,1999,NA,1133,NA,"Sold",NA,NA,"https://www.redfin.com/CA/Oxnard/2117-Ocean-Dr-93035/home/4528140","CRMLS","V0-219012857","Y","Y","2117 Ocean Dr, Oxnard, CA",7287,3.65,87444,-119.22243,34.156037,6806200,0.599,1439097.5,963402.5,100,-119.22243,34.156037
"PAST SALE","May-26-2022","Single Family Residential","2121 Ocean Dr","Oxnard","CA","93035",4325000,4,3.5,"OXSS - Silver Strand",3433,2550,2006,NA,1260,NA,"Sold",NA,NA,"https://www.redfin.com/CA/Oxnard/2121-Ocean-Dr-93035/home/4528136","CRMLS","GD22092892","Y","Y","2121 Ocean Dr, Oxnard, CA",9759,3.65,117108,-119.2224912,34.1560985,6806200,0.599,2590675,1734325,75,-119.2224912,34.1560985
"PAST SALE","August-23-2018","Single Family Residential","2129 Ocean Dr","Oxnard","CA","93035",3200000,4,4,"OXSS - Silver Strand",3408,2550,2006,NA,939,NA,"Sold",NA,NA,"https://www.redfin.com/CA/Oxnard/2129-Ocean-Dr-93035/home/4528254","CRMLS","PW18130492","Y","Y","2129 Ocean Dr, Oxnard, CA",9768,3.7,117216,-119.2227478,34.156312,6806200,0.599,1916800,1283200,100,-119.2227478,34.156312
"PAST SALE",NA,"Single Family Residential","2137 Ocean Dr","Oxnard","CA","93035",414000,3,3,NA,2360,2178,1958,NA,175,NA,NA,NA,NA,"https://www.redfin.com/CA/Oxnard/2137-Ocean-Dr-93035/home/4528125",NA,NA,"Y","Y","2137 Ocean Dr, Oxnard, CA",7383,3.63,88596,-119.2227588,34.1564094,6806200,0.599,247986,166014,100,-119.2227588,34.1564094
"PAST SALE",NA,"Single Family Residential","2149 Ocean Dr","Oxnard","CA","93035",2e+06,4,4,NA,3366,2178,2006,NA,594,NA,NA,NA,NA,"https://www.redfin.com/CA/Oxnard/2149-Ocean-Dr-93035/home/4528111",NA,NA,"Y","Y","2149 Ocean Dr, Oxnard, CA",9527,3.72,114324,-119.2230348,34.1565848,6806200,0.599,1198000,802000,100,-119.2230348,34.1565848
"PAST SALE","November-25-2015","Single Family Residential","2153 Ocean Dr","Oxnard","CA","93035",2200000,4,3,"Silverstrand Beach - 0308",2814,3000,1980,NA,782,NA,"Sold",NA,NA,"https://www.redfin.com/CA/Oxnard/2153-Ocean-Dr-93035/home/4528248","CRMLS","V0-215012913","Y","Y","2153 Ocean Dr, Oxnard, CA",8531,3.73,102372,-119.2231043,34.1566506,6806200,0.599,1317800,882200,100,-119.2231043,34.1566506
"PAST SALE",NA,"Single Family Residential","2175 Ocean Dr","Oxnard","CA","93035",80000,2,2,NA,1288,3484,1972,NA,62,NA,NA,NA,NA,"https://www.redfin.com/CA/Oxnard/2175-Ocean-Dr-93035/home/4528244",NA,NA,"Y","Y","2175 Ocean Dr, Oxnard, CA",4680,3.73,56160,-119.2233381,34.1568342,6806200,0.599,47920,32080,100,-119.2233381,34.1568342
"PAST SALE",NA,"Single Family Residential","2201 Ocean Dr","Oxnard","CA","93035",75000,2,2,NA,2045,2178,1957,NA,37,NA,NA,NA,NA,"https://www.redfin.com/CA/Oxnard/2201-Ocean-Dr-93035/home/4528110",NA,NA,"Y","Y","2201 Ocean Dr, Oxnard, CA",5797,3.73,69564,-119.2233259,34.1569595,6806200,0.599,44925,30075,100,-119.2233259,34.1569595
"PAST SALE","May-18-2012","Single Family Residential","2405 OCEAN Dr","Oxnard","CA","93035",1350000,3,2,"VC32 - Oxnard - Port Hueneme Beaches",1797,2625,1971,NA,751,NA,"Sold",NA,NA,"https://www.redfin.com/CA/Oxnard/2405-Ocean-Dr-93035/home/4528103","CRMLS","V0-12006873","Y","Y","2405 OCEAN Dr, Oxnard, CA",5982,3.73,71784,-119.2235119,34.1570944,6806200,0.599,808650,541350,100,-119.2235119,34.1570944
"PAST SALE",NA,"Single Family Residential","2409 Ocean Dr","Oxnard","CA","93035",1762000,3,2,NA,2094,2613,1931,NA,841,NA,NA,NA,NA,"https://www.redfin.com/CA/Oxnard/2409-Ocean-Dr-93035/home/4528098",NA,NA,"Y","Y","2409 Ocean Dr, Oxnard, CA",6246,3.72,74952,-119.223569,34.1571814,6806200,0.599,1055438,706562,100,-119.223569,34.1571814
"PAST SALE","February-2-2012","Single Family Residential","2421 OCEAN Dr","Oxnard","CA","93035",2200000,5,4,"Silverstrand Beach",3223,2625,2002,NA,683,NA,"Sold",NA,NA,"https://www.redfin.com/CA/Oxnard/2421-Ocean-Dr-93035/home/4528096","CRMLS","V0-10010605","Y","Y","2421 OCEAN Dr, Oxnard, CA",9685,3.59,116220,-119.2236386,34.157256,6806200,0.599,1317800,882200,100,-119.2236386,34.157256
"PAST SALE",NA,"Single Family Residential","2425 Ocean Dr","Oxnard","CA","93035",950000,3,3,NA,2615,2613,1990,NA,363,NA,NA,NA,NA,"https://www.redfin.com/CA/Oxnard/2425-Ocean-Dr-93035/home/4528091",NA,NA,"Y","Y","2425 Ocean Dr, Oxnard, CA",8364,3.48,100368,-119.2237131,34.1573396,6806200,0.599,569050,380950,100,-119.2237131,34.1573396
"PAST SALE",NA,"Single Family Residential","2505 Ocean Dr","Oxnard","CA","93035",2e+06,3,4,NA,2455,2613,2013,NA,815,NA,NA,NA,NA,"https://www.redfin.com/CA/Oxnard/2505-Ocean-Dr-93035/home/4528085",NA,NA,"Y","Y","2505 Ocean Dr, Oxnard, CA",9267,3.11,111204,-119.223764,34.1574945,6806200,0.599,1198000,802000,100,-119.223764,34.1574945
"PAST SALE","December-17-2021","Single Family Residential","2509 Ocean Dr","Oxnard","CA","93035",4350000,4,4,"Silverstrand Beach - 0308",3426,NA,2021,NA,1270,NA,"Sold",NA,NA,"https://www.redfin.com/CA/Oxnard/2509-Ocean-Dr-93035/home/22865539","CRMLS","V1-8345","Y","Y","2509 Ocean Dr, Oxnard, CA",9938,2.61,119256,-119.2239034,34.1575722,6806200,0.599,2605650,1744350,17,-119.2239034,34.1575722
"PAST SALE","January-5-2016","Single Family Residential","2517 Ocean Dr","Oxnard","CA","93035",2300000,3,2.5,"VC32 - Oxnard - Port Hueneme Beaches",3399,2625,1993,NA,677,NA,"Sold",NA,NA,"https://www.redfin.com/CA/Oxnard/2517-Ocean-Dr-93035/home/4528081","CRMLS","215013791","Y","Y","2517 Ocean Dr, Oxnard, CA",8547,2.25,102564,-119.223981,34.1576609,6806200,0.599,1377700,922300,48,-119.223981,34.1576609
"PAST SALE","April-27-2012","Single Family Residential","2525 Ocean Dr","Oxnard","CA","93035",1665000,3,2.5,"Silverstrand Beach - 0308",2355,3000,1978,NA,707,NA,"Sold",NA,NA,"https://www.redfin.com/CA/Oxnard/2525-Ocean-Dr-93035/home/4349466","CRMLS","V0-12003058","Y","Y","2525 Ocean Dr, Oxnard, CA",7369,1.98,88428,-119.2240357,34.1577415,6806200,0.599,997335,667665,52,-119.2240357,34.1577415
"MLS Listing",NA,"Single Family Residential","129 Oxnard Ave","Oxnard","CA","93035",1374900,3,2,"OXSS - Silver Strand",1026,2613,1959,3,1340,NA,"Active",NA,NA,"https://www.redfin.com/CA/Oxnard/129-Oxnard-Ave-93035/home/4527363","CRMLS","SR25144727","N","Y","129 Oxnard Ave, Oxnard, CA",4389.95271074151,3.72,52679.4325288981,-119.2177718,34.1529472,6806200,0.599,823565.1,551334.9,100,-119.2177718,34.1529472
"MLS Listing",NA,"Single Family Residential","1624 Ocean Dr","Oxnard","CA","93035",1399000,2,1.5,"Silverstrand Beach - 0308",986,2450,1948,5,1419,NA,"Active","July-1-2025 10:00 AM","July-1-2025 01:00 PM","https://www.redfin.com/CA/Oxnard/1624-Ocean-Dr-93035/home/4527081","CRMLS","V1-30807","N","Y","1624 Ocean Dr, Oxnard, CA",4184.47192210856,3.73,50213.6630653027,-119.2201014,34.1543677,6806200,0.599,838001,560999,100,-119.2201014,34.1543677
"MLS Listing",NA,"Single Family Residential","2133 Ocean Dr","Oxnard","CA","93035",4495000,4,3.5,"VC32 - Oxnard - Port Hueneme Beaches",3335,2178,2004,29,1348,NA,"Active",NA,NA,"https://www.redfin.com/CA/Oxnard/2133-Ocean-Dr-93035/home/4349467","CRMLS","SR25120266","N","Y","2133 Ocean Dr, Oxnard, CA",10139.4302628259,3.65,121673.163153911,-119.2226925,34.1563625,6806200,0.599,2692505,1802495,75,-119.2226925,34.1563625
"MLS Listing",NA,"Multi-Family (2-4 Unit)","152 Los Angeles Ave","Oxnard","CA","93035",1499000,6,3,"Silverstrand Beach - 0308",2112,2450,1975,46,710,NA,"Active",NA,NA,"https://www.redfin.com/CA/Oxnard/152-Los-Angeles-Ave-93035/home/4526328","CRMLS","V1-29958","N","Y","152 Los Angeles Ave, Oxnard, CA",6784.84020913317,3.64,81418.082509598,-119.2138934,34.1494323,6806200,0.599,897901,601099,100,-119.2138934,34.1494323
"MLS Listing",NA,"Single Family Residential","325 Ocean Dr","Oxnard","CA","93035",3295000,5,3,"Silverstrand Beach - 0308",2476,2500,1978,52,1331,NA,"Active",NA,NA,"https://www.redfin.com/CA/Oxnard/325-Ocean-Dr-93035/home/4526391","CRMLS","V1-29858","N","Y","325 Ocean Dr, Oxnard, CA",7324.56475472176,3.34,87894.7770566611,-119.2159708,34.148982,6806200,0.599,1973705,1321295,57,-119.2159708,34.148982
"MLS Listing",NA,"Single Family Residential","1024 Ocean Dr","Oxnard","CA","93035",2750000,5,3.5,"Silverstrand Beach - 0308",2959,2450,2006,78,929,NA,"Active",NA,NA,"https://www.redfin.com/CA/Oxnard/1024-Ocean-Dr-93035/home/11889878","CRMLS","V1-27781","N","Y","1024 Ocean Dr, Oxnard, CA",9203.87650048775,3.15,110446.518005853,-119.2179251,34.1520135,6806200,0.599,1647250,1102750,85,-119.2179251,34.1520135
"MLS Listing",NA,"Single Family Residential","148 Van Nuys Ave","Oxnard","CA","93035",1345000,4,3,"Oxnard - Port Hueneme Beaches",2008,2450,1976,80,670,NA,"Active","July-4-2025 11:00 AM","July-4-2025 04:00 PM","https://www.redfin.com/CA/Oxnard/148-Van-Nuys-Ave-93035/home/4526295","TheMLS","25520455","N","Y","148 Van Nuys Ave, Oxnard, CA",5911.40528284249,3.53,70936.8633941099,-119.2147902,34.1501631,6806200,0.599,805655,539345,100,-119.2147902,34.1501631
"MLS Listing",NA,"Single Family Residential","121 Los Angeles Ave","Oxnard","CA","93035",1895000,3,2.5,"Silverstrand Beach - 0308",2133,2450,2005,87,888,NA,"Active",NA,NA,"https://www.redfin.com/CA/Oxnard/121-Los-Angeles-Ave-93035/home/4526309","CRMLS","V1-29119","N","Y","121 Los Angeles Ave, Oxnard, CA",6233.23211608748,3.13,74798.7853930498,-119.2148928,34.1492771,6806200,0.599,1135105,759895,82,-119.2148928,34.1492771
"MLS Listing",NA,"Single Family Residential","133 Santa Paula Ave","Oxnard","CA","93035",975000,2,1,"OXSS - Silver Strand",834,2800,1949,635,1169,NA,"Active",NA,NA,"https://www.redfin.com/CA/Oxnard/133-Santa-Paula-Ave-93035/home/4527297","CRMLS","GD23186534","N","Y","133 Santa Paula Ave, Oxnard, CA",3714.13748026681,3.65,44569.6497632017,-119.2181163,34.1534223,6806200,0.599,584025,390975,100,-119.2181163,34.1534223
"PAST SALE","May-18-2022","Single Family Residential","149 Los Angeles Ave","Oxnard","CA","93035",1033000,2,1,"VENTURA",798,1250,1950,NA,1294,NA,"Sold",NA,NA,"https://www.redfin.com/CA/Oxnard/149-Los-Angeles-Ave-93035/home/4740381","SBMLS","22-1061","N","Y","149 Los Angeles Ave, Oxnard, CA",3795,3.64,45540,-119.2141914,34.1496122,6806200,0.599,618767,414233,100,-119.2141914,34.1496122
"PAST SALE","February-7-2025","Single Family Residential","1008 Ocean Dr","Oxnard","CA","93035",1600000,3,3,"Silverstrand Beach - 0308",2042,2450,1973,NA,784,NA,"Sold",NA,NA,"https://www.redfin.com/CA/Oxnard/1008-Ocean-Dr-93035/home/4526553","CRMLS","V1-27373","N","Y","1008 Ocean Dr, Oxnard, CA",7609,2.99,91308,-119.2177912,34.1518541,6806200,0.599,958400,641600,100,-119.2177912,34.1518541
"PAST SALE",NA,"Single Family Residential","112 Santa Paula Ave","Oxnard","CA","93035",1203500,4,2,NA,1895,2178,1956,NA,635,NA,NA,NA,NA,"https://www.redfin.com/CA/Oxnard/112-Santa-Paula-Ave-93035/home/4527337",NA,NA,"N","Y","112 Santa Paula Ave, Oxnard, CA",6080,3.58,72960,-119.2183604,34.1529103,6806200,0.599,720896.5,482603.5,100,-119.2183604,34.1529103
"PAST SALE","May-14-2025","Single Family Residential","124 Fillmore Ave","Oxnard","CA","93035",1300000,2,1,"Other (OTHR)",826,2178,1949,NA,1574,NA,"Sold",NA,NA,"https://www.redfin.com/CA/Oxnard/124-Fillmore-Ave-93035/home/4527275","CRMLS","SR25106695","N","Y","124 Fillmore Ave, Oxnard, CA",3268,3.73,39216,-119.2185107,34.1535101,6806200,0.599,778700,521300,89,-119.2185107,34.1535101
"PAST SALE",NA,"Single Family Residential","136 Simi Ave","Oxnard","CA","93035",839000,3,2,NA,1202,2450,1970,NA,698,NA,NA,NA,NA,"https://www.redfin.com/CA/Oxnard/136-Simi-Ave-93035/home/4527937",NA,NA,"N","Y","136 Simi Ave, Oxnard, CA",4457,3.62,53484,-119.2208407,34.15645,6806200,0.599,502561,336439,100,-119.2208407,34.15645
"PAST SALE",NA,"Single Family Residential","116 Eagle Rock Ave","Oxnard","CA","93035",985000,3,1,NA,964,2178,1946,NA,1022,NA,NA,NA,NA,"https://www.redfin.com/CA/Oxnard/116-Eagle-Rock-Ave-93035/home/4526220",NA,NA,"N","Y","116 Eagle Rock Ave, Oxnard, CA",3614,3.73,43368,-119.2162092,34.1505396,6806200,0.599,590015,394985,100,-119.2162092,34.1505396
"PAST SALE",NA,"Single Family Residential","121 Van Nuys Ave","Oxnard","CA","93035",1050000,3,2,NA,1062,2178,1958,NA,989,NA,NA,NA,NA,"https://www.redfin.com/CA/Oxnard/121-Van-Nuys-Ave-93035/home/4526260",NA,NA,"N","Y","121 Van Nuys Ave, Oxnard, CA",4155,3.13,49860,-119.2155811,34.1500614,6806200,0.599,628950,421050,100,-119.2155811,34.1500614
"PAST SALE",NA,"Single Family Residential","1400 Ocean Dr","Oxnard","CA","93035",2375000,5,4,NA,2303,2178,1977,NA,1031,NA,NA,NA,NA,"https://www.redfin.com/CA/Oxnard/1400-Ocean-Dr-93035/home/4527240",NA,NA,"N","Y","1400 Ocean Dr, Oxnard, CA",7772,3.73,93264,-119.2191153,34.1534012,6806200,0.599,1422625,952375,100,-119.2191153,34.1534012
"PAST SALE","April-11-2023","Multi-Family (2-4 Unit)","2101 Piru Ave","Oxnard","CA","93035",870000,2,2,"VC32 - Oxnard - Port Hueneme Beaches",1190,2450,1945,NA,731,NA,"Sold",NA,NA,"https://www.redfin.com/CA/Oxnard/2101-Piru-Ave-93035/home/4528030","CRMLS","V1-16992","N","Y","2101 Piru Ave, Oxnard, CA",4454.83174826962,3.28,53457.9809792354,-119.2216025,34.1562092,6806200,0.599,521130,348870,100,-119.2216025,34.1562092
"PAST SALE",NA,"Single Family Residential","128 Pasadena Ave","Oxnard","CA","93035",785000,3,2,NA,1055,2450,1955,NA,744,NA,NA,NA,NA,"https://www.redfin.com/CA/Oxnard/128-Pasadena-Ave-93035/home/4526576",NA,NA,"N","Y","128 Pasadena Ave, Oxnard, CA",4123,3.34,49476,-119.2169357,34.1519009,6806200,0.599,470215,314785,100,-119.2169357,34.1519009
"PAST SALE","January-28-2021","Single Family Residential","140 Hueneme Ave","Oxnard","CA","93035",964000,4,2,"Other (OTHR)",2356,2450,1978,NA,409,NA,"Sold",NA,NA,"https://www.redfin.com/CA/Oxnard/140-Hueneme-Ave-93035/home/4526954","CRMLS","SR20249449","N","Y","140 Hueneme Ave, Oxnard, CA",6550,3.66,78600,-119.2195397,34.1552811,6806200,0.599,577436,386564,100,-119.2195397,34.1552811
"PAST SALE","April-4-2022","Single Family Residential","2516 Ocean Dr","Oxnard","CA","93035",1537000,3,2,"VC32 - Oxnard - Port Hueneme Beaches",1194,2625,1956,NA,1287,NA,"Sold",NA,NA,"https://www.redfin.com/CA/Oxnard/2516-Ocean-Dr-93035/home/4527623","CRMLS","V1-10261","N","Y","2516 Ocean Dr, Oxnard, CA",3965,3.54,47580,-119.2235197,34.1577805,6806200,0.599,920663,616337,81,-119.2235197,34.1577805
"PAST SALE","December-1-2020","Single Family Residential","109 Tujunga Ave","Oxnard","CA","93035",1030000,3,2,"Silverstrand Beach - 0308",1844,2575,1973,NA,559,NA,"Sold",NA,NA,"https://www.redfin.com/CA/Oxnard/109-Tujunga-Ave-93035/home/4526843","CRMLS","V1-2126","N","Y","109 Tujunga Ave, Oxnard, CA",5692.89308487981,3.73,68314.7170185577,-119.2208748,34.1554576,6806200,0.599,616970,413030,100,-119.2208748,34.1554576
"PAST SALE","June-6-2025","Single Family Residential","108 Pasadena Ave","Oxnard","CA","93035",1365000,4,2,"Silverstrand Beach - 0308",1809,2178,1977,NA,755,NA,"Sold",NA,NA,"https://www.redfin.com/CA/Oxnard/108-Pasadena-Ave-93035/home/4526570","CSMAR","225002088","N","Y","108 Pasadena Ave, Oxnard, CA",6086,3.02,73032,-119.2173898,34.1516239,6806200,0.599,817635,547365,100,-119.2173898,34.1516239
"PAST SALE","November-18-2021","Single Family Residential","121 Hollywood Ave","Oxnard","CA","93035",1230000,3,2,"Silverstrand Beach - 0308",1132,2450,1956,NA,1087,NA,"Sold",NA,NA,"https://www.redfin.com/CA/Oxnard/121-Hollywood-Ave-93035/home/4526236","CRMLS","V1-8660","N","Y","121 Hollywood Ave, Oxnard, CA",4476,3.47,53712,-119.2159822,34.1504396,6806200,0.599,736770,493230,100,-119.2159822,34.1504396
"PAST SALE","November-12-2024","Single Family Residential","136 Malibu Ave","Oxnard","CA","93035",1877000,4,3.5,"Silverstrand Beach - 0308",2957,2962,1988,NA,635,NA,"Sold",NA,NA,"https://www.redfin.com/CA/Oxnard/136-Malibu-Ave-93035/home/4527912","CRMLS","V1-26189","N","Y","136 Malibu Ave, Oxnard, CA",8827,3.35,105924,-119.2210797,34.1566761,6806200,0.599,1124323,752677,100,-119.2210797,34.1566761
"PAST SALE","June-25-2025","Single Family Residential","1905 Ocean Dr","Oxnard","CA","93035",2940000,4,2.5,"Silverstrand Beach - 0308",1879,2178,1975,NA,1565,NA,"Sold",NA,NA,"https://www.redfin.com/CA/Oxnard/1905-Ocean-Dr-93035/home/4527517","CRMLS","V1-29612","N","Y","1905 Ocean Dr, Oxnard, CA",6588,3.73,79056,-119.2214264,34.1551067,6806200,0.599,1761060,1178940,79,-119.2214264,34.1551067
"PAST SALE","March-12-2021","Single Family Residential","144 Eagle Rock Ave","Oxnard","CA","93035",955000,4,3,"Silverstrand Beach - 0308",2044,2450,1978,NA,467,NA,"Sold",NA,NA,"https://www.redfin.com/CA/Oxnard/144-Eagle-Rock-Ave-93035/home/4526227","CRMLS","V1-3725","N","Y","144 Eagle Rock Ave, Oxnard, CA",6693,4,80316,-119.2155294,34.1509064,6806200,0.599,572045,382955,100,-119.2155294,34.1509064
"PAST SALE","March-28-2024","Single Family Residential","2317 Chico Ct","Oxnard","CA","93035",925000,3,1,"VC32 - Oxnard - Port Hueneme Beaches",1094,2178,1960,NA,846,NA,"Sold",NA,NA,"https://www.redfin.com/CA/Oxnard/2317-Chico-Ct-93035/home/4527794","CRMLS","V1-21711","N","Y","2317 Chico Ct, Oxnard, CA",3819,2.28,45828,-119.222153,34.1573686,6806200,0.599,554075,370925,60,-119.222153,34.1573686
"PAST SALE","June-6-2025","Single Family Residential","129 Santa Monica Ave","Oxnard","CA","93035",1050000,2,1,"VC32 - Oxnard - Port Hueneme Beaches",872,2178,1950,NA,1204,NA,"Sold",NA,NA,"https://www.redfin.com/CA/Oxnard/129-Santa-Monica-Ave-93035/home/4526335","CRMLS","V1-29827","N","Y","129 Santa Monica Ave, Oxnard, CA",2951,3.17,35412,-119.2143684,34.1489226,6806200,0.599,628950,421050,69,-119.2143684,34.1489226
"PAST SALE","June-10-2024","Single Family Residential","2309 Roosevelt Blvd","Oxnard","CA","93035",969000,2,1,"Silverstrand Beach - 0308",859,2450,1956,NA,1128,NA,"Sold",NA,NA,"https://www.redfin.com/CA/Oxnard/2309-Roosevelt-Blvd-93035/home/4527780","CRMLS","V1-23572","N","Y","2309 Roosevelt Blvd, Oxnard, CA",3296,2.9,39552,-119.2213856,34.1573416,6806200,0.599,580431,388569,73,-119.2213856,34.1573416
"PAST SALE","April-8-2022","Single Family Residential","144 Tujunga Ave","Oxnard","CA","93035",2020000,3,3,"VC32 - Oxnard - Port Hueneme Beaches",2311,2051,2018,NA,874,NA,"Sold",NA,NA,"https://www.redfin.com/CA/Oxnard/144-Tujunga-Ave-93035/home/22857706","CRMLS","V1-10930","N","Y","144 Tujunga Ave, Oxnard, CA",7024,5.25,84288,-119.2198208,34.1557167,6806200,0.599,1209980,810020,100,-119.2198208,34.1557167
"PAST SALE","May-5-2025","Single Family Residential","152 Van Nuys Ave","Oxnard","CA","93035",1459000,3,3,"Silverstrand Beach - 0308",2028,2450,1976,NA,719,NA,"Sold",NA,NA,"https://www.redfin.com/CA/Oxnard/152-Van-Nuys-Ave-93035/home/4526296","CRMLS","V1-29166","N","Y","152 Van Nuys Ave, Oxnard, CA",6651,3.63,79812,-119.2146653,34.1502083,6806200,0.599,873941,585059,100,-119.2146653,34.1502083
"PAST SALE","January-8-2021","Single Family Residential","133 Santa Monica Ave","Oxnard","CA","93035",870000,3,1,"Other (OTHR)",957,2450,1958,NA,909,NA,"Sold",NA,NA,"https://www.redfin.com/CA/Oxnard/133-Santa-Monica-Ave-93035/home/4526334","CRMLS","SR20259568","N","Y","133 Santa Monica Ave, Oxnard, CA",3458,3.22,41496,-119.2142924,34.1489528,6806200,0.599,521130,348870,100,-119.2142924,34.1489528
"PAST SALE","November-2-2020","Single Family Residential","128 Ventura Ave","Oxnard","CA","93035",8e+05,2,1,"Silverstrand Beach - 0308",660,2450,1952,NA,1212,NA,"Sold",NA,NA,"https://www.redfin.com/CA/Oxnard/128-Ventura-Ave-93035/home/4719685","CRMLS","V1-1727","N","Y","128 Ventura Ave, Oxnard, CA",3062,3.43,36744,-119.2173131,34.1523335,6806200,0.599,479200,320800,100,-119.2173131,34.1523335
"PAST SALE","October-1-2021","Single Family Residential","2125 Piru Ave","Oxnard","CA","93035",1355000,2,2,"Silverstrand Beach - 0308",1490,2450,1956,NA,909,NA,"Sold",NA,NA,"https://www.redfin.com/CA/Oxnard/2125-Piru-Ave-93035/home/4528011","CRMLS","V1-8214","N","Y","2125 Piru Ave, Oxnard, CA",5238,2.96,62856,-119.2219859,34.1565567,6806200,0.599,811645,543355,89,-119.2219859,34.1565567
"PAST SALE","October-15-2020","Single Family Residential","1200 Ocean Dr","Oxnard","CA","93035",1475000,3,2.5,NA,1770,NA,1976,NA,833,NA,"Sold",NA,NA,"https://www.redfin.com/CA/Oxnard/1200-Ocean-Dr-93035/home/4527386","SBMLS","20-2873","N","Y","1200 Ocean Dr, Oxnard, CA",6482,3.35,77784,-119.2183888,34.1525964,6806200,0.599,883525,591475,100,-119.2183888,34.1525964
"PAST SALE","February-5-2025","Single Family Residential","125 Santa Paula Ave","Oxnard","CA","93035",1150000,2,2,"Silverstrand Beach - 0308",772,2450,1947,NA,1490,NA,"Sold",NA,NA,"https://www.redfin.com/CA/Oxnard/125-Santa-Paula-Ave-93035/home/4527302","CRMLS","V1-27353","N","Y","125 Santa Paula Ave, Oxnard, CA",3332,3.63,39984,-119.2184342,34.1533,6806200,0.599,688850,461150,97,-119.2184342,34.1533
"PAST SALE","April-15-2024","Single Family Residential","136 San Fernando Ave","Oxnard","CA","93035",946000,2,1,"VC32 - Oxnard - Port Hueneme Beaches",807,2450,1947,NA,1172,NA,"Sold",NA,NA,"https://www.redfin.com/CA/Oxnard/136-San-Fernando-Ave-93035/home/4526698","CRMLS","V1-22348","N","Y","136 San Fernando Ave, Oxnard, CA",3269,3.72,39228,-119.216073,34.1512109,6806200,0.599,566654,379346,100,-119.216073,34.1512109
"PAST SALE","January-25-2021","Single Family Residential","139 Hollywood Ave","Oxnard","CA","93035",1278500,3,3,"Silverstrand Beach - 0308",2226,1925,2003,NA,574,NA,"Sold",NA,NA,"https://www.redfin.com/CA/Oxnard/139-Hollywood-Ave-93035/home/4731759","CRMLS","V1-2914","N","Y","139 Hollywood Ave, Oxnard, CA",6724,3.79,80688,-119.2155481,34.1507024,6806200,0.599,765821.5,512678.5,100,-119.2155481,34.1507024
"PAST SALE","November-13-2023","Single Family Residential","128 Camarillo Ave","Oxnard","CA","93035",1250000,2,2,"VC32 - Oxnard - Port Hueneme Beaches",1236,2450,1971,NA,1011,NA,"Sold",NA,NA,"https://www.redfin.com/CA/Oxnard/128-Camarillo-Ave-93035/home/4526301","CRMLS","V1-20097","N","Y","128 Camarillo Ave, Oxnard, CA",4532,3.25,54384,-119.2148023,34.1494888,6806200,0.599,748750,501250,98,-119.2148023,34.1494888
"PAST SALE","June-11-2024","Single Family Residential","120 San Fernando Ave","Oxnard","CA","93035",1010000,2,2,"VC32 - Oxnard - Port Hueneme Beaches",864,2450,1925,NA,1169,NA,"Sold",NA,NA,"https://www.redfin.com/CA/Oxnard/120-San-Fernando-Ave-93035/home/4526686","CRMLS","V1-23453","N","Y","120 San Fernando Ave, Oxnard, CA",3417,3.71,41004,-119.2164476,34.1510043,6806200,0.599,604990,405010,100,-119.2164476,34.1510043
"PAST SALE","October-5-2022","Single Family Residential","116 Bardsdale Ave","Oxnard","CA","93035",1500000,3,3,"VC32 - Oxnard - Port Hueneme Beaches",1794,2674,1957,NA,836,NA,"Sold",NA,NA,"https://www.redfin.com/CA/Oxnard/116-Bardsdale-Ave-93035/home/4526810","CRMLS","V1-14270","N","Y","116 Bardsdale Ave, Oxnard, CA",6601,3.73,79212,-119.2208648,34.1557367,6806200,0.599,898500,601500,100,-119.2208648,34.1557367
"PAST SALE","April-8-2022","Single Family Residential","108 Anacapa Ave","Oxnard","CA","93035",2376000,5,3,"VC32 - Oxnard - Port Hueneme Beaches",2268,2625,1980,NA,1048,NA,"Sold",NA,NA,"https://www.redfin.com/CA/Oxnard/108-Anacapa-Ave-93035/home/4527727","CRMLS","SR22011128","N","Y","108 Anacapa Ave, Oxnard, CA",7741,3.63,92892,-119.2231244,34.1575867,6806200,0.599,1423224,952776,100,-119.2231244,34.1575867
"PAST SALE","October-9-2020","Single Family Residential","148 Highland Dr","Oxnard","CA","93035",1250000,3,2.5,"Silverstrand Beach - 0308",1951,2450,1965,NA,641,NA,"Sold",NA,NA,"https://www.redfin.com/CA/Oxnard/148-Highland-Dr-93035/home/4527861","CRMLS","V0-220009090","N","Y","148 Highland Dr, Oxnard, CA",6681,2.9,80172,-119.2215613,34.1569887,6806200,0.599,748750,501250,100,-119.2215613,34.1569887
"PAST SALE","June-24-2022","Single Family Residential","2121 Piru Ave","Oxnard","CA","93035",1480000,3,2,"VC32 - Oxnard - Port Hueneme Beaches",2076,2450,1978,NA,713,NA,"Sold",NA,NA,"https://www.redfin.com/CA/Oxnard/2121-Piru-Ave-93035/home/4528016","CRMLS","V1-12532","N","Y","2121 Piru Ave, Oxnard, CA",6837,3.08,82044,-119.2218636,34.1564431,6806200,0.599,886520,593480,100,-119.2218636,34.1564431
"PAST SALE","August-1-2023","Single Family Residential","121 San Fernando Ave","Oxnard","CA","93035",1450000,3,3,"Silverstrand Beach - 0308",2109,2450,2001,NA,688,NA,"Sold",NA,NA,"https://www.redfin.com/CA/Oxnard/121-San-Fernando-Ave-93035/home/4526660","CRMLS","V1-17986","N","Y","121 San Fernando Ave, Oxnard, CA",7093,3.57,85116,-119.2166901,34.1512534,6806200,0.599,868550,581450,100,-119.2166901,34.1512534
"PAST SALE","May-19-2025","Single Family Residential","717 Ocean Dr","Oxnard","CA","93035",3648000,3,2.5,"VC32 - Oxnard - Port Hueneme Beaches",1892,2550,2005,NA,1928,NA,"Sold",NA,NA,"https://www.redfin.com/CA/Oxnard/717-Ocean-Dr-93035/home/4526782","CRMLS","V1-29203","N","Y","717 Ocean Dr, Oxnard, CA",6356,3.84,76272,-119.2173115,34.1504965,6806200,0.599,2185152,1462848,63,-119.2173115,34.1504965
"PAST SALE","December-12-2022","Single Family Residential","117 Tujunga Ave","Oxnard","CA","93035",970000,3,1.5,"Silverstrand Beach - 0308",1200,2724,1957,NA,808,NA,"Sold",NA,NA,"https://www.redfin.com/CA/Oxnard/117-Tujunga-Ave-93035/home/4526832","CRMLS","V1-15263","N","Y","117 Tujunga Ave, Oxnard, CA",4123,3.73,49476,-119.2206906,34.155572,6806200,0.599,581030,388970,100,-119.2206906,34.155572
"PAST SALE","January-15-2025","Single Family Residential","133 Glendale Ave","Oxnard","CA","93035",1195000,3,2,"Silverstrand Beach - 0308",1208,2450,1956,NA,989,NA,"Sold",NA,NA,"https://www.redfin.com/CA/Oxnard/133-Glendale-Ave-93035/home/4526971","CRMLS","V1-26525","N","Y","133 Glendale Ave, Oxnard, CA",4477,3.73,53724,-119.2195757,34.1550054,6806200,0.599,715805,479195,100,-119.2195757,34.1550054
"PAST SALE",NA,"Single Family Residential","121 Hueneme Ave","Oxnard","CA","93035",1400000,3,2,NA,2003,2178,1974,NA,699,NA,NA,NA,NA,"https://www.redfin.com/CA/Oxnard/121-Hueneme-Ave-93035/home/4526929",NA,NA,"N","Y","121 Hueneme Ave, Oxnard, CA",5906,4.9,70872,-119.2202322,34.155254,6806200,0.599,838600,561400,100,-119.2202322,34.155254
"PAST SALE","December-1-2022","Single Family Residential","144 San Fernando Ave","Oxnard","CA","93035",1080000,3,2,"Silverstrand Beach - 0308",1306,2450,1956,NA,827,NA,"Sold",NA,NA,"https://www.redfin.com/CA/Oxnard/144-San-Fernando-Ave-93035/home/4349459","CRMLS","V1-15291","N","Y","144 San Fernando Ave, Oxnard, CA",5886,3.99,70632,-119.2158906,34.1513339,6806200,0.599,646920,433080,100,-119.2158906,34.1513339
"PAST SALE","July-1-2025","Single Family Residential","156 Highland Dr","Oxnard","CA","93035",1975000,5,3.5,"Silverstrand Beach - 0308",3344,2178,1994,NA,591,NA,"Sold",NA,NA,"https://www.redfin.com/CA/Oxnard/156-Highland-Dr-93035/home/4527869","CRMLS","V1-29838","N","Y","156 Highland Dr, Oxnard, CA",8879,3.05,106548,-119.2213299,34.1569908,6806200,0.599,1183025,791975,100,-119.2213299,34.1569908
"PAST SALE",NA,"Single Family Residential","117 Bardsdale Ave","Oxnard","CA","93035",1200000,3,2,NA,1824,2178,1973,NA,658,NA,NA,NA,NA,"https://www.redfin.com/CA/Oxnard/117-Bardsdale-Ave-93035/home/4527973",NA,NA,"N","Y","117 Bardsdale Ave, Oxnard, CA",5755,3.72,69060,-119.2211132,34.1559818,6806200,0.599,718800,481200,100,-119.2211132,34.1559818
"PAST SALE","October-11-2024","Single Family Residential","121 Glendale Ave","Oxnard","CA","93035",1530000,3,3,"Oxnard - Port Hueneme Beaches",2065,2450,1989,NA,741,NA,"Sold",NA,NA,"https://www.redfin.com/CA/Oxnard/121-Glendale-Ave-93035/home/4526998","TheMLS","24-416023","N","Y","121 Glendale Ave, Oxnard, CA",6802,3.91,81624,-119.2198747,34.1548562,6806200,0.599,916470,613530,100,-119.2198747,34.1548562
"PAST SALE","May-28-2025","Single Family Residential","136 Los Angeles Ave","Oxnard","CA","93035",830000,2,2,"Silverstrand Beach - 0308",785,2450,1927,NA,1057,NA,"Sold",NA,NA,"https://www.redfin.com/CA/Oxnard/136-Los-Angeles-Ave-93035/home/4526324","CRMLS","V1-28707","N","Y","136 Los Angeles Ave, Oxnard, CA",3854,3.32,46248,-119.2143375,34.1492637,6806200,0.599,497170,332830,100,-119.2143375,34.1492637
"PAST SALE","July-22-2020","Single Family Residential","1600 Ocean Dr","Oxnard","CA","93035",1649900,3,2.5,"Silverstrand Beach - 0308",2085,2450,1981,NA,791,NA,"Sold",NA,NA,"https://www.redfin.com/CA/Oxnard/1600-Ocean-Dr-93035/home/4527068","CRMLS","V0-220005241","N","Y","1600 Ocean Dr, Oxnard, CA",6981,3.73,83772,-119.2198587,34.1541632,6806200,0.599,988290.1,661609.9,100,-119.2198587,34.1541632
"PAST SALE","March-20-2024","Single Family Residential","516 Ocean Dr","Oxnard","CA","93035",1765000,3,1.5,"VC32 - Oxnard - Port Hueneme Beaches",1428,2667,1975,NA,1236,NA,"Sold",NA,NA,"https://www.redfin.com/CA/Oxnard/516-Ocean-Dr-93035/home/4526266","CRMLS","V1-21504","N","Y","516 Ocean Dr, Oxnard, CA",5304,3.14,63648,-119.2160616,34.149952,6806200,0.599,1057235,707765,74,-119.2160616,34.149952
"PAST SALE","June-26-2025","Single Family Residential","2500 Ocean Dr","Oxnard","CA","93035",2800000,4,3.5,"Silverstrand Beach - 0308",3189,2613,2006,NA,878,NA,"Sold",NA,NA,"https://www.redfin.com/CA/Oxnard/2500-Ocean-Dr-93035/home/4527619","CRMLS","V1-29599","N","Y","2500 Ocean Dr, Oxnard, CA",8877,3.62,106524,-119.2234475,34.1577204,6806200,0.599,1677200,1122800,100,-119.2234475,34.1577204
"PAST SALE","October-16-2023","Single Family Residential","112 Van Nuys Ave","Oxnard","CA","93035",1965000,5,5.5,"OXSS - Silver Strand",3000,2450,2023,NA,655,NA,"Sold",NA,NA,"https://www.redfin.com/CA/Oxnard/112-Van-Nuys-Ave-93035/home/22817796","CRMLS","SR23136079","N","Y","112 Van Nuys Ave, Oxnard, CA",10015,3.13,120180,-119.2154373,34.1497466,6806200,0.599,1177035,787965,100,-119.2154373,34.1497466
"PAST SALE","December-5-2024","Single Family Residential","145 San Fernando Ave","Oxnard","CA","93035",1005000,2,1,"Oxnard - Port Hueneme Beaches",938,2450,1954,NA,1071,NA,"Sold",NA,NA,"https://www.redfin.com/CA/Oxnard/145-San-Fernando-Ave-93035/home/4526650","TheMLS","24-449217","N","Y","145 San Fernando Ave, Oxnard, CA",3899,3.96,46788,-119.2161004,34.1515874,6806200,0.599,601995,403005,100,-119.2161004,34.1515874
"PAST SALE","July-15-2021","Single Family Residential","2301 Chico Ct","Oxnard","CA","93035",1050000,2,2,"VENTURA",1583,1306,1987,NA,663,NA,"Sold",NA,NA,"https://www.redfin.com/CA/Oxnard/2301-Chico-Ct-93035/home/4527802","SBMLS","21-1742","N","Y","2301 Chico Ct, Oxnard, CA",5390,2.42,64680,-119.221985,34.1572387,6806200,0.599,628950,421050,92,-119.221985,34.1572387
"PAST SALE","September-28-2020","Single Family Residential","120 Van Nuys Ave","Oxnard","CA","93035",1225000,4,3,"Silverstrand Beach - 0308",2635,2450,1988,NA,465,NA,"Sold",NA,NA,"https://www.redfin.com/CA/Oxnard/120-Van-Nuys-Ave-93035/home/4526272","CRMLS","V0-220007913","N","Y","120 Van Nuys Ave, Oxnard, CA",7825,3.13,93900,-119.2153465,34.1498099,6806200,0.599,733775,491225,100,-119.2153465,34.1498099
"PAST SALE","August-12-2022","Single Family Residential","124 Pasadena Ave","Oxnard","CA","93035",979500,2,2,"VC32 - Oxnard - Port Hueneme Beaches",966,2450,1955,NA,1014,NA,"Sold",NA,NA,"https://www.redfin.com/CA/Oxnard/124-Pasadena-Ave-93035/home/4526605","CRMLS","V1-12996","N","Y","124 Pasadena Ave, Oxnard, CA",3983,3.26,47796,-119.2170265,34.1518375,6806200,0.599,586720.5,392779.5,100,-119.2170265,34.1518375
"PAST SALE","October-20-2021","Single Family Residential","108 Bardsdale Ave","Oxnard","CA","93035",1360000,3,3,"VC32 - Oxnard - Port Hueneme Beaches",2185,2575,1980,NA,622,NA,"Sold",NA,NA,"https://www.redfin.com/CA/Oxnard/108-Bardsdale-Ave-93035/home/4526803","CRMLS","V1-7337","N","Y","108 Bardsdale Ave, Oxnard, CA",7551,3.73,90612,-119.2210321,34.1556013,6806200,0.599,814640,545360,100,-119.2210321,34.1556013
"PAST SALE","May-19-2025","Single Family Residential","140 Ojai Ave","Oxnard","CA","93035",1569000,4,3,"Silverstrand Beach - 0308",2448,2450,2006,NA,641,NA,"Sold",NA,NA,"https://www.redfin.com/CA/Oxnard/140-Ojai-Ave-93035/home/4527100","CRMLS","V1-28413","N","Y","140 Ojai Ave, Oxnard, CA",7567,3.74,90804,-119.2187974,34.1544773,6806200,0.599,939831,629169,100,-119.2187974,34.1544773
"PAST SALE","July-23-2020","Single Family Residential","141 Santa Paula Ave","Oxnard","CA","93035",975000,3,5,"VC32 - Oxnard - Port Hueneme Beaches",1958,2450,2008,NA,498,NA,"Sold",NA,NA,"https://www.redfin.com/CA/Oxnard/141-Santa-Paula-Ave-93035/home/17171662","CRMLS","V0-220004775","N","Y","141 Santa Paula Ave, Oxnard, CA",8273,3.88,99276,-119.2178372,34.153635,6806200,0.599,584025,390975,100,-119.2178372,34.153635
"PAST SALE","August-28-2024","Single Family Residential","129 Santa Paula Ave","Oxnard","CA","93035",1777000,3,3.5,"Other (OTHR)",2667,2450,1988,NA,666,NA,"Sold",NA,NA,"https://www.redfin.com/CA/Oxnard/129-Santa-Paula-Ave-93035/home/4527299","CRMLS","SR24113728","N","Y","129 Santa Paula Ave, Oxnard, CA",8705,3.69,104460,-119.2182442,34.1534049,6806200,0.599,1064423,712577,100,-119.2182442,34.1534049
"PAST SALE",NA,"Single Family Residential","500 Ocean Dr","Oxnard","CA","93035",1600000,4,NA,NA,2651,2178,1989,NA,604,NA,NA,NA,NA,"https://www.redfin.com/CA/Oxnard/500-Ocean-Dr-93035/home/4526264",NA,NA,"N","Y","500 Ocean Dr, Oxnard, CA",7900,3.13,94800,-119.2159557,34.1497941,6806200,0.599,958400,641600,100,-119.2159557,34.1497941
"PAST SALE","December-27-2021","Single Family Residential","117 Santa Monica Ave Ave","Oxnard","CA","93035",1347500,4,3,"Silverstrand Beach - 0308",1768,NA,1973,NA,762,NA,"Sold",NA,NA,"https://www.redfin.com/CA/Oxnard/117-Santa-Monica-Ave-93035/home/4526338","CRMLS","V1-8754","N","Y","117 Santa Monica Ave Ave, Oxnard, CA",5769,3.13,69228,-119.214714,34.1487532,6806200,0.599,807152.5,540347.5,100,-119.214714,34.1487532
"PAST SALE","July-25-2023","Single Family Residential","133 San Fernando Ave","Oxnard","CA","93035",979000,3,1.5,"VC32 - Oxnard - Port Hueneme Beaches",1280,2450,1935,NA,765,NA,"Sold",NA,NA,"https://www.redfin.com/CA/Oxnard/133-San-Fernando-Ave-93035/home/4719686","CRMLS","V1-18062","N","Y","133 San Fernando Ave, Oxnard, CA",3883,3.71,46596,-119.2163609,34.1513887,6806200,0.599,586421,392579,100,-119.2163609,34.1513887
"PAST SALE","March-21-2023","Single Family Residential","141 Pasadena Ave","Oxnard","CA","93035",1390000,3,2,"VC32 - Oxnard - Port Hueneme Beaches",1600,2450,1978,NA,869,NA,"Sold",NA,NA,"https://www.redfin.com/CA/Oxnard/141-Pasadena-Ave-93035/home/4526433","CRMLS","V1-15555","N","Y","141 Pasadena Ave, Oxnard, CA",5063,3.69,60756,-119.2167693,34.1523304,6806200,0.599,832610,557390,100,-119.2167693,34.1523304
"PAST SALE","August-18-2023","Single Family Residential","1516 Ocean Dr","Oxnard","CA","93035",1900000,4,3,"VC31 - Oxnard - Northwest",2661,2450,1995,NA,714,NA,"Sold",NA,NA,"https://www.redfin.com/CA/Oxnard/1516-Ocean-Dr-93035/home/4527166","CRMLS","V1-18316","N","Y","1516 Ocean Dr, Oxnard, CA",8173,3.73,98076,-119.2196148,34.153947,6806200,0.599,1138100,761900,100,-119.2196148,34.153947
"PAST SALE","September-3-2020","Single Family Residential","140 Santa Paula Ave","Oxnard","CA","93035",740000,2,1,"Silverstrand Beach - 0308",924,2657,1957,NA,801,NA,"Sold",NA,NA,"https://www.redfin.com/CA/Oxnard/140-Santa-Paula-Ave-93035/home/4527402","CRMLS","V0-220005476","N","Y","140 Santa Paula Ave, Oxnard, CA",3335,3.72,40020,-119.217719,34.1533367,6806200,0.599,443260,296740,100,-119.217719,34.1533367
"PAST SALE","February-6-2023","Single Family Residential","117 Santa Rosa Ave","Oxnard","CA","93035",865000,2,1,"OXSS - Silver Strand",924,2450,1957,NA,936,NA,"Sold",NA,NA,"https://www.redfin.com/CA/Oxnard/117-Santa-Rosa-Ave-93035/home/4527720","CRMLS","SR22230316","N","Y","117 Santa Rosa Ave, Oxnard, CA",3321,3.47,39852,-119.2227311,34.1576112,6806200,0.599,518135,346865,100,-119.2227311,34.1576112
"PAST SALE","February-26-2025","Single Family Residential","121 Moorpark Ave","Oxnard","CA","93035",1600000,3,2.5,"Silverstrand Beach - 0308",2448,2450,2006,NA,654,NA,"Sold",NA,NA,"https://www.redfin.com/CA/Oxnard/121-Moorpark-Ave-93035/home/4349463","CRMLS","V1-26228","N","Y","121 Moorpark Ave, Oxnard, CA",7689,3.73,92268,-119.2192459,34.1540398,6806200,0.599,958400,641600,100,-119.2192459,34.1540398
"PAST SALE","July-28-2020","Single Family Residential","129 Los Angeles Ave","Oxnard","CA","93035",990000,3,3,"Silverstrand Beach - 0308",2027,2450,1997,NA,488,NA,"Sold",NA,NA,"https://www.redfin.com/CA/Oxnard/129-Los-Angeles-Ave-93035/home/4349455","CRMLS","V0-220003547","N","Y","129 Los Angeles Ave, Oxnard, CA",6345,3.24,76140,-119.2147075,34.149362,6806200,0.599,593010,396990,100,-119.2147075,34.149362
"PAST SALE","July-30-2024","Single Family Residential","125 Glendale Ave","Oxnard","CA","93035",820000,2,1,"Silverstrand Beach - 0308",870,2450,1927,NA,943,NA,"Sold",NA,NA,"https://www.redfin.com/CA/Oxnard/125-Glendale-Ave-93035/home/4527001","CRMLS","V1-22734","N","Y","125 Glendale Ave, Oxnard, CA",2791,3.78,33492,-119.2197396,34.1548783,6806200,0.599,491180,328820,100,-119.2197396,34.1548783
"PAST SALE","November-30-2023","Single Family Residential","112 San Nicholas Ave","Oxnard","CA","93035",1850000,3,3,"VC32 - Oxnard - Port Hueneme Beaches",2201,2450,1988,NA,841,NA,"Sold",NA,NA,"https://www.redfin.com/CA/Oxnard/112-San-Nicholas-Ave-93035/home/4527650","CRMLS","V1-19211","N","Y","112 San Nicholas Ave, Oxnard, CA",7249,2.01,86988,-119.2233967,34.1580468,6806200,0.599,1108150,741850,40,-119.2233967,34.1580468
"PAST SALE","October-21-2020","Single Family Residential","116 Ventura Ave","Oxnard","CA","93035",1160000,3,2,"VC32 - Oxnard - Port Hueneme Beaches",2252,2450,1986,NA,515,NA,"Sold",NA,NA,"https://www.redfin.com/CA/Oxnard/116-Ventura-Ave-93035/home/4526559","CRMLS","OC20113488","N","Y","116 Ventura Ave, Oxnard, CA",7000,3.24,84000,-119.2175714,34.1521729,6806200,0.599,694840,465160,100,-119.2175714,34.1521729
"PAST SALE","March-18-2025","Single Family Residential","108 Eagle Rock Ave","Oxnard","CA","93035",1200000,2,1,"Silverstrand Beach - 0308",812,2178,1950,NA,1478,NA,"Sold",NA,NA,"https://www.redfin.com/CA/Oxnard/108-Eagle-Rock-Ave-93035/home/4526218","CRMLS","V1-26501","N","Y","108 Eagle Rock Ave, Oxnard, CA",3272,3.67,39264,-119.2163908,34.150413,6806200,0.599,718800,481200,93,-119.2163908,34.150413
"PAST SALE","June-10-2025","Single Family Residential","1005 Ocean Dr","Oxnard","CA","93035",3750000,5,4.5,"Silverstrand Beach - 0308",2806,2550,1990,NA,1336,NA,"Sold",NA,NA,"https://www.redfin.com/CA/Oxnard/1005-Ocean-Dr-93035/home/4526754","CRMLS","V1-26994","N","Y","1005 Ocean Dr, Oxnard, CA",9450,3.84,113400,-119.2182,34.1515627,6806200,0.599,2246250,1503750,95,-119.2182,34.1515627
"PAST SALE","April-9-2021","Single Family Residential","144 Pasadena Ave","Oxnard","CA","93035",1700000,5,4,"VC32 - Oxnard - Port Hueneme Beaches",2842,2450,2008,NA,598,NA,"Sold",NA,NA,"https://www.redfin.com/CA/Oxnard/144-Pasadena-Ave-93035/home/17171664","CRMLS","V1-1984","N","Y","144 Pasadena Ave, Oxnard, CA",8799,3.66,105588,-119.2165542,34.152123,6806200,0.599,1018300,681700,100,-119.2165542,34.152123
"PAST SALE","February-6-2025","Condo/Co-op","159 Los Angeles Ave","Oxnard","CA","93035",960000,4,3.5,"Oxnard - PH Beaches",1871,3212,1959,NA,513,NA,"Sold",NA,NA,"https://www.redfin.com/CA/Oxnard/159-Los-Angeles-Ave-93035/home/190850473","CSMAR","224003370","N","Y","159 Los Angeles Ave, Oxnard, CA",4350,3.75,52200,-119.2139894,34.1497943,6806200,0.599,575040,384960,100,-119.2139894,34.1497943
"PAST SALE","October-23-2020","Single Family Residential","124 San Fernando Ave","Oxnard","CA","93035",805000,2,1,"Silverstrand Beach - 0308",914,2450,1947,NA,881,NA,"Sold",NA,NA,"https://www.redfin.com/CA/Oxnard/124-San-Fernando-Ave-93035/home/4526688","CRMLS","V0-220003023","N","Y","124 San Fernando Ave, Oxnard, CA",3319,3.68,39828,-119.2163454,34.1510607,6806200,0.599,482195,322805,100,-119.2163454,34.1510607
"PAST SALE","October-15-2020","Single Family Residential","125 Ventura Ave","Oxnard","CA","93035",795000,2,1,"VC32 - Oxnard - Port Hueneme Beaches",1005,2450,1958,NA,791,NA,"Sold",NA,NA,"https://www.redfin.com/CA/Oxnard/125-Ventura-Ave-93035/home/4526412","CRMLS","V0-220001938","N","Y","125 Ventura Ave, Oxnard, CA",3650,3.54,43800,-119.2173898,34.1526175,6806200,0.599,476205,318795,100,-119.2173898,34.1526175
"PAST SALE","July-14-2022","Single Family Residential","128 San Nicholas Ave","Oxnard","CA","93035",2650000,4,4,"VC32 - Oxnard - Port Hueneme Beaches",2900,2450,2000,NA,914,NA,"Sold",NA,NA,"https://www.redfin.com/CA/Port-Hueneme/128-San-Nicolas-Cir-93041/home/4719689","CRMLS","V1-9750","N","Y","128 San Nicholas Ave, Oxnard, CA",4437,1.6,53244,-119.222987,34.158283,6806200,0.599,1587350,1062650,1,-119.222987,34.158283
"PAST SALE","September-3-2020","Single Family Residential","141 Bardsdale Ave","Oxnard","CA","93035",924900,3,2,"Silverstrand Beach - 0308",1908,2450,1975,NA,485,NA,"Sold",NA,NA,"https://www.redfin.com/CA/Oxnard/141-Bardsdale-Ave-93035/home/4527947","CRMLS","V0-220002157","N","Y","141 Bardsdale Ave, Oxnard, CA",5873,4.07,70476,-119.2206024,34.1563629,6806200,0.599,554015.1,370884.9,100,-119.2206024,34.1563629
"PAST SALE","July-17-2020","Single Family Residential","144 Los Angeles Ave","Oxnard","CA","93035",780000,2,1.5,"VC32 - Oxnard - Port Hueneme Beaches",1157,2450,1939,NA,674,NA,"Sold",NA,NA,"https://www.redfin.com/CA/Oxnard/144-Los-Angeles-Ave-93035/home/4526326","CRMLS","V0-219014239","N","Y","144 Los Angeles Ave, Oxnard, CA",4496,3.5,53952,-119.2141107,34.1493366,6806200,0.599,467220,312780,100,-119.2141107,34.1493366
"PAST SALE","August-30-2023","Multi-Family (2-4 Unit)","145-147 Hollywood Ave","Oxnard","CA","93035",1015000,3,2,"VC32 - Oxnard - Port Hueneme Beaches",840,3500,1951,NA,1208,NA,"Sold",NA,NA,"https://www.redfin.com/CA/Oxnard/145-Hollywood-Ave-93035/home/4526232","CRMLS","V1-16190","N","Y","145-147 Hollywood Ave, Oxnard, CA",3926.66993764355,3.81,47120.0392517226,-119.2154798,34.1507503,6806200,0.599,607985,407015,100,-119.2154798,34.1507503
"PAST SALE","August-7-2020","Single Family Residential","109 Los Angeles Ave","Oxnard","CA","93035",840000,2,3,"VC32 - Oxnard - Port Hueneme Beaches",1508,2450,1954,NA,557,NA,"Sold",NA,NA,"https://www.redfin.com/CA/Oxnard/109-Los-Angeles-Ave-93035/home/4526312","CRMLS","SW19271527","N","Y","109 Los Angeles Ave, Oxnard, CA",5466,3.13,65592,-119.2151648,34.149102,6806200,0.599,503160,336840,100,-119.2151648,34.149102
"PAST SALE","February-6-2025","Townhouse","157 Los Angeles Ave","Oxnard","CA","93035",959000,4,3.5,"Oxnard - PH Beaches",1871,3212,1959,NA,513,NA,"Sold",NA,NA,"https://www.redfin.com/CA/Oxnard/157-Los-Angeles-Ave-93035/home/4526305","CSMAR","224001918","N","Y","157 Los Angeles Ave, Oxnard, CA",4904,3.68,58848,-119.2140949,34.1497115,6806200,0.599,574441,384559,100,-119.2140949,34.1497115
"PAST SALE","July-8-2020","Single Family Residential","141 Anacapa Ave","Oxnard","CA","93035",1180000,3,3.5,"Silverstrand Beach - 0308",2009,2450,1980,NA,587,NA,"Sold",NA,NA,"https://www.redfin.com/CA/Oxnard/141-Anacapa-Ave-93035/home/4527586","CRMLS","V0-219010743","N","Y","141 Anacapa Ave, Oxnard, CA",6886,1.66,82632,-119.2225777,34.1582825,6806200,0.599,706820,473180,68,-119.2225777,34.1582825
"PAST SALE","August-7-2020","Single Family Residential","125 Fillmore Ave","Oxnard","CA","93035",1050000,3,2.5,"Silverstrand Beach - 0308",2385,2450,2001,NA,440,NA,"Sold",NA,NA,"https://www.redfin.com/CA/Oxnard/125-Fillmore-Ave-93035/home/4527222","CRMLS","V0-219009956","N","Y","125 Fillmore Ave, Oxnard, CA",6981,3.73,83772,-119.2187066,34.1537458,6806200,0.599,628950,421050,100,-119.2187066,34.1537458
"PAST SALE",NA,"Single Family Residential","129 Eagle Rock Ave","Oxnard","CA","93035",725000,3,1,NA,1016,2178,1941,NA,714,NA,NA,NA,NA,"https://www.redfin.com/CA/Oxnard/129-Eagle-Rock-Ave-93035/home/4526723",NA,NA,"N","Y","129 Eagle Rock Ave, Oxnard, CA",3752,3.73,45024,-119.2161184,34.1509209,6806200,0.599,434275,290725,100,-119.2161184,34.1509209
"PAST SALE",NA,"Multi-Family (2-4 Unit)","133 Burbank Ave","Oxnard","CA","93035",1650000,6,4,NA,3000,4791,1970,NA,550,NA,NA,NA,NA,"https://www.redfin.com/CA/Oxnard/133-Burbank-Ave-93035/home/4526610",NA,NA,"N","Y","133 Burbank Ave, Oxnard, CA",8745.04861724239,3.52,104940.583406909,-119.2166983,34.151807,6806200,0.599,988350,661650,100,-119.2166983,34.151807
