"SALE TYPE","SOLD DATE","PROPERTY TYPE","ADDRESS","CITY","STATE OR PROVINCE","ZIP OR POSTAL CODE","PRICE","BEDS","BATHS","LOCATION","SQUARE FEET","LOT SIZE","YEAR BUILT","DAYS ON MARKET","$/SQUARE FEET","HOA/MONTH","STATUS","NEXT OPEN HOUSE START TIME","NEXT OPEN HOUSE END TIME","URL","SOURCE","MLS#","FAVORITE","INTERESTED","LATITUDE","LONGITUDE","full_address","rentalval","elevation"
"PAST SALE","May-18-2022","Single Family Residential","149 Los Angeles Ave","Oxnard","CA",93035,1033000,2,1,"VENTURA",798,1250,1950,NA,1294,NA,"Sold",NA,NA,"https://www.redfin.com/CA/Oxnard/149-Los-Angeles-Ave-93035/home/4740381","SBMLS","22-1061","N","Y",34.1496122,-119.2141914,"149 Los Angeles Ave, Oxnard, CA",3795,3.64
"PAST SALE","February-7-2025","Single Family Residential","1008 Ocean Dr","Oxnard","CA",93035,1600000,3,3,"Silverstrand Beach - 0308",2042,2450,1973,NA,784,NA,"Sold",NA,NA,"https://www.redfin.com/CA/Oxnard/1008-Ocean-Dr-93035/home/4526553","CRMLS","V1-27373","N","Y",34.1518541,-119.2177912,"1008 Ocean Dr, Oxnard, CA",7609,2.99
"PAST SALE",NA,"Single Family Residential","901 Ocean Dr","Oxnard","CA",93035,3100000,4,5,NA,3502,2178,2005,NA,885,NA,NA,NA,NA,"https://www.redfin.com/CA/Oxnard/901-Ocean-Dr-93035/home/4526763",NA,NA,"Y","Y",34.1510734,-119.2177976,"901 Ocean Dr, Oxnard, CA",9687,3.44
"PAST SALE","May-14-2025","Single Family Residential","124 Fillmore Ave","Oxnard","CA",93035,1300000,2,1,"Other (OTHR)",826,2178,1949,NA,1574,NA,"Sold",NA,NA,"https://www.redfin.com/CA/Oxnard/124-Fillmore-Ave-93035/home/4527275","CRMLS","SR25106695","N","Y",34.1535101,-119.2185107,"124 Fillmore Ave, Oxnard, CA",3268,3.73
"PAST SALE",NA,"Single Family Residential","116 Eagle Rock Ave","Oxnard","CA",93035,985000,3,1,NA,964,2178,1946,NA,1022,NA,NA,NA,NA,"https://www.redfin.com/CA/Oxnard/116-Eagle-Rock-Ave-93035/home/4526220",NA,NA,"N","Y",34.1505396,-119.2162092,"116 Eagle Rock Ave, Oxnard, CA",3614,3.73
"PAST SALE",NA,"Single Family Residential","121 Van Nuys Ave","Oxnard","CA",93035,1050000,3,2,NA,1062,2178,1958,NA,989,NA,NA,NA,NA,"https://www.redfin.com/CA/Oxnard/121-Van-Nuys-Ave-93035/home/4526260",NA,NA,"N","Y",34.1500614,-119.2155811,"121 Van Nuys Ave, Oxnard, CA",4155,3.13
"PAST SALE",NA,"Single Family Residential","1400 Ocean Dr","Oxnard","CA",93035,2375000,5,4,NA,2303,2178,1977,NA,1031,NA,NA,NA,NA,"https://www.redfin.com/CA/Oxnard/1400-Ocean-Dr-93035/home/4527240",NA,NA,"N","Y",34.1534012,-119.2191153,"1400 Ocean Dr, Oxnard, CA",7772,3.73
"PAST SALE",NA,"Single Family Residential","112 Santa Paula Ave","Oxnard","CA",93035,1203500,4,2,NA,1895,2178,1956,NA,635,NA,NA,NA,NA,"https://www.redfin.com/CA/Oxnard/112-Santa-Paula-Ave-93035/home/4527337",NA,NA,"N","Y",34.1529103,-119.2183604,"112 Santa Paula Ave, Oxnard, CA",6080,3.58
"PAST SALE",NA,"Single Family Residential","136 Simi Ave","Oxnard","CA",93035,839000,3,2,NA,1202,2450,1970,NA,698,NA,NA,NA,NA,"https://www.redfin.com/CA/Oxnard/136-Simi-Ave-93035/home/4527937",NA,NA,"N","Y",34.15645,-119.2208407,"136 Simi Ave, Oxnard, CA",4457,3.62
"PAST SALE",NA,"Single Family Residential","128 Pasadena Ave","Oxnard","CA",93035,785000,3,2,NA,1055,2450,1955,NA,744,NA,NA,NA,NA,"https://www.redfin.com/CA/Oxnard/128-Pasadena-Ave-93035/home/4526576",NA,NA,"N","Y",34.1519009,-119.2169357,"128 Pasadena Ave, Oxnard, CA",4123,3.34
"PAST SALE","April-11-2023","Multi-Family (2-4 Unit)","2101 Piru Ave","Oxnard","CA",93035,870000,2,2,"VC32 - Oxnard - Port Hueneme Beaches",1190,2450,1945,NA,731,NA,"Sold",NA,NA,"https://www.redfin.com/CA/Oxnard/2101-Piru-Ave-93035/home/4528030","CRMLS","V1-16992","N","Y",34.1562092,-119.2216025,"2101 Piru Ave, Oxnard, CA",0,3.28
"PAST SALE","January-28-2021","Single Family Residential","140 Hueneme Ave","Oxnard","CA",93035,964000,4,2,"Other (OTHR)",2356,2450,1978,NA,409,NA,"Sold",NA,NA,"https://www.redfin.com/CA/Oxnard/140-Hueneme-Ave-93035/home/4526954","CRMLS","SR20249449","N","Y",34.1552811,-119.2195397,"140 Hueneme Ave, Oxnard, CA",6550,3.66
"PAST SALE","June-23-2025","Single Family Residential","132 Santa Rosa Ave","Oxnard","CA",93035,1299000,3,2,"Silverstrand Beach - 0308",1344,2450,1940,NA,967,NA,"Sold",NA,NA,"https://www.redfin.com/CA/Oxnard/132-Santa-Rosa-Ave-93035/home/4527809","CSMAR","225002749","N","Y",34.1575428,-119.2222937,"132 Santa Rosa Ave, Oxnard, CA",4354,2.14
"PAST SALE","June-11-2021","Single Family Residential","116 Santa Monica Ave","Oxnard","CA",93035,1100000,2,2,"Silverstrand Beach - 0308",1058,2450,1957,NA,1040,NA,"Sold",NA,NA,"https://www.redfin.com/CA/Oxnard/116-Santa-Monica-Ave-93035/home/4526347","CRMLS","V1-5650","N","Y",34.1485322,-119.2144213,"116 Santa Monica Ave, Oxnard, CA",4248,3.13
"PAST SALE","October-21-2022","Single Family Residential","2013 Ocean Dr","Oxnard","CA",93035,4100000,3,4.5,"VC32 - Oxnard - Port Hueneme Beaches",2500,2550,1985,NA,1640,NA,"Sold",NA,NA,"https://www.redfin.com/CA/Oxnard/2013-Ocean-Dr-93035/home/4349468","CRMLS","V1-14618","Y","Y",34.155503,-119.2218851,"2013 Ocean Dr, Oxnard, CA",9277,3.79
"PAST SALE","May-26-2022","Single Family Residential","2121 Ocean Dr","Oxnard","CA",93035,4325000,4,3.5,"OXSS - Silver Strand",3433,2550,2006,NA,1260,NA,"Sold",NA,NA,"https://www.redfin.com/CA/Oxnard/2121-Ocean-Dr-93035/home/4528136","CRMLS","GD22092892","Y","Y",34.1560985,-119.2224912,"2121 Ocean Dr, Oxnard, CA",9759,3.65
"PAST SALE","April-4-2022","Single Family Residential","2516 Ocean Dr","Oxnard","CA",93035,1537000,3,2,"VC32 - Oxnard - Port Hueneme Beaches",1194,2625,1956,NA,1287,NA,"Sold",NA,NA,"https://www.redfin.com/CA/Oxnard/2516-Ocean-Dr-93035/home/4527623","CRMLS","V1-10261","N","Y",34.1577805,-119.2235197,"2516 Ocean Dr, Oxnard, CA",3965,3.54
"PAST SALE","December-1-2020","Single Family Residential","109 Tujunga Ave","Oxnard","CA",93035,1030000,3,2,"Silverstrand Beach - 0308",1844,2575,1973,NA,559,NA,"Sold",NA,NA,"https://www.redfin.com/CA/Oxnard/109-Tujunga-Ave-93035/home/4526843","CRMLS","V1-2126","N","Y",34.1554576,-119.2208748,"109 Tujunga Ave, Oxnard, CA",0,3.73
"PAST SALE","June-6-2025","Single Family Residential","108 Pasadena Ave","Oxnard","CA",93035,1365000,4,2,"Silverstrand Beach - 0308",1809,2178,1977,NA,755,NA,"Sold",NA,NA,"https://www.redfin.com/CA/Oxnard/108-Pasadena-Ave-93035/home/4526570","CSMAR","225002088","N","Y",34.1516239,-119.2173898,"108 Pasadena Ave, Oxnard, CA",6086,3.02
"PAST SALE","June-25-2025","Single Family Residential","1905 Ocean Dr","Oxnard","CA",93035,2940000,4,2.5,"Silverstrand Beach - 0308",1879,2178,1975,NA,1565,NA,"Sold",NA,NA,"https://www.redfin.com/CA/Oxnard/1905-Ocean-Dr-93035/home/4527517","CRMLS","V1-29612","N","Y",34.1551067,-119.2214264,"1905 Ocean Dr, Oxnard, CA",6588,3.73
"PAST SALE","November-18-2021","Single Family Residential","121 Hollywood Ave","Oxnard","CA",93035,1230000,3,2,"Silverstrand Beach - 0308",1132,2450,1956,NA,1087,NA,"Sold",NA,NA,"https://www.redfin.com/CA/Oxnard/121-Hollywood-Ave-93035/home/4526236","CRMLS","V1-8660","N","Y",34.1504396,-119.2159822,"121 Hollywood Ave, Oxnard, CA",4476,3.47
"PAST SALE","November-12-2024","Single Family Residential","136 Malibu Ave","Oxnard","CA",93035,1877000,4,3.5,"Silverstrand Beach - 0308",2957,2962,1988,NA,635,NA,"Sold",NA,NA,"https://www.redfin.com/CA/Oxnard/136-Malibu-Ave-93035/home/4527912","CRMLS","V1-26189","N","Y",34.1566761,-119.2210797,"136 Malibu Ave, Oxnard, CA",8827,3.35
"PAST SALE","March-12-2021","Single Family Residential","144 Eagle Rock Ave","Oxnard","CA",93035,955000,4,3,"Silverstrand Beach - 0308",2044,2450,1978,NA,467,NA,"Sold",NA,NA,"https://www.redfin.com/CA/Oxnard/144-Eagle-Rock-Ave-93035/home/4526227","CRMLS","V1-3725","N","Y",34.1509064,-119.2155294,"144 Eagle Rock Ave, Oxnard, CA",6693,4
"PAST SALE","June-10-2024","Single Family Residential","2309 Roosevelt Blvd","Oxnard","CA",93035,969000,2,1,"Silverstrand Beach - 0308",859,2450,1956,NA,1128,NA,"Sold",NA,NA,"https://www.redfin.com/CA/Oxnard/2309-Roosevelt-Blvd-93035/home/4527780","CRMLS","V1-23572","N","Y",34.1573416,-119.2213856,"2309 Roosevelt Blvd, Oxnard, CA",3296,2.9
"PAST SALE","July-2-2021","Single Family Residential","1417 Ocean Dr","Oxnard","CA",93035,3150000,3,3.5,"Oxnard - PH Beaches",2622,2550,1978,NA,1201,NA,"Sold",NA,NA,"https://www.redfin.com/CA/Oxnard/1417-Ocean-Dr-93035/home/4527527","CSMAR","221002194","Y","Y",34.1532905,-119.2197457,"1417 Ocean Dr, Oxnard, CA",9330,3.73
"PAST SALE","June-6-2025","Single Family Residential","129 Santa Monica Ave","Oxnard","CA",93035,1050000,2,1,"VC32 - Oxnard - Port Hueneme Beaches",872,2178,1950,NA,1204,NA,"Sold",NA,NA,"https://www.redfin.com/CA/Oxnard/129-Santa-Monica-Ave-93035/home/4526335","CRMLS","V1-29827","N","Y",34.1489226,-119.2143684,"129 Santa Monica Ave, Oxnard, CA",2951,3.17
"PAST SALE","March-28-2024","Single Family Residential","2317 Chico Ct","Oxnard","CA",93035,925000,3,1,"VC32 - Oxnard - Port Hueneme Beaches",1094,2178,1960,NA,846,NA,"Sold",NA,NA,"https://www.redfin.com/CA/Oxnard/2317-Chico-Ct-93035/home/4527794","CRMLS","V1-21711","N","Y",34.1573686,-119.222153,"2317 Chico Ct, Oxnard, CA",3819,2.28
"PAST SALE","January-8-2021","Single Family Residential","133 Santa Monica Ave","Oxnard","CA",93035,870000,3,1,"Other (OTHR)",957,2450,1958,NA,909,NA,"Sold",NA,NA,"https://www.redfin.com/CA/Oxnard/133-Santa-Monica-Ave-93035/home/4526334","CRMLS","SR20259568","N","Y",34.1489528,-119.2142924,"133 Santa Monica Ave, Oxnard, CA",3458,3.22
"PAST SALE","May-5-2025","Single Family Residential","152 Van Nuys Ave","Oxnard","CA",93035,1459000,3,3,"Silverstrand Beach - 0308",2028,2450,1976,NA,719,NA,"Sold",NA,NA,"https://www.redfin.com/CA/Oxnard/152-Van-Nuys-Ave-93035/home/4526296","CRMLS","V1-29166","N","Y",34.1502083,-119.2146653,"152 Van Nuys Ave, Oxnard, CA",6651,3.63
"PAST SALE","November-2-2020","Single Family Residential","128 Ventura Ave","Oxnard","CA",93035,8e+05,2,1,"Silverstrand Beach - 0308",660,2450,1952,NA,1212,NA,"Sold",NA,NA,"https://www.redfin.com/CA/Oxnard/128-Ventura-Ave-93035/home/4719685","CRMLS","V1-1727","N","Y",34.1523335,-119.2173131,"128 Ventura Ave, Oxnard, CA",3062,3.43
"PAST SALE","April-8-2022","Single Family Residential","144 Tujunga Ave","Oxnard","CA",93035,2020000,3,3,"VC32 - Oxnard - Port Hueneme Beaches",2311,2051,2018,NA,874,NA,"Sold",NA,NA,"https://www.redfin.com/CA/Oxnard/144-Tujunga-Ave-93035/home/22857706","CRMLS","V1-10930","N","Y",34.1557167,-119.2198208,"144 Tujunga Ave, Oxnard, CA",7024,5.25
"PAST SALE","August-3-2020","Single Family Residential","1901 Ocean Dr","Oxnard","CA",93035,2200000,3,4,"Silverstrand Beach - 0308",1872,2408,1975,NA,1175,NA,"Sold",NA,NA,"https://www.redfin.com/CA/Oxnard/1901-Ocean-Dr-93035/home/4527523","CRMLS","V0-220006299","Y","Y",34.1550485,-119.2213402,"1901 Ocean Dr, Oxnard, CA",6882,3.72
"PAST SALE","October-1-2021","Single Family Residential","2125 Piru Ave","Oxnard","CA",93035,1355000,2,2,"Silverstrand Beach - 0308",1490,2450,1956,NA,909,NA,"Sold",NA,NA,"https://www.redfin.com/CA/Oxnard/2125-Piru-Ave-93035/home/4528011","CRMLS","V1-8214","N","Y",34.1565567,-119.2219859,"2125 Piru Ave, Oxnard, CA",5238,2.96
"PAST SALE","August-31-2020","Single Family Residential","109 Sawtelle Ave","Oxnard","CA",93035,1380000,4,3,"Silverstrand Beach - 0308",2784,2450,1991,NA,496,NA,"Sold",NA,NA,"https://www.redfin.com/CA/Oxnard/109-Sawtelle-Ave-93035/home/4526364","CRMLS","V0-220007938","N","Y",34.148286,-119.2144989,"109 Sawtelle Ave, Oxnard, CA",8050,3.13
"PAST SALE","October-15-2020","Single Family Residential","1200 Ocean Dr","Oxnard","CA",93035,1475000,3,2.5,NA,1770,NA,1976,NA,833,NA,"Sold",NA,NA,"https://www.redfin.com/CA/Oxnard/1200-Ocean-Dr-93035/home/4527386","SBMLS","20-2873","N","Y",34.1525964,-119.2183888,"1200 Ocean Dr, Oxnard, CA",6482,3.35
"PAST SALE","February-5-2025","Single Family Residential","125 Santa Paula Ave","Oxnard","CA",93035,1150000,2,2,"Silverstrand Beach - 0308",772,2450,1947,NA,1490,NA,"Sold",NA,NA,"https://www.redfin.com/CA/Oxnard/125-Santa-Paula-Ave-93035/home/4527302","CRMLS","V1-27353","N","Y",34.1533,-119.2184342,"125 Santa Paula Ave, Oxnard, CA",3332,3.63
"PAST SALE","April-15-2024","Single Family Residential","136 San Fernando Ave","Oxnard","CA",93035,946000,2,1,"VC32 - Oxnard - Port Hueneme Beaches",807,2450,1947,NA,1172,NA,"Sold",NA,NA,"https://www.redfin.com/CA/Oxnard/136-San-Fernando-Ave-93035/home/4526698","CRMLS","V1-22348","N","Y",34.1512109,-119.216073,"136 San Fernando Ave, Oxnard, CA",3269,3.72
"PAST SALE","December-12-2022","Single Family Residential","133 Sawtelle Ave","Oxnard","CA",93035,850000,2,2,"VC32 - Oxnard - Port Hueneme Beaches",1519,2450,1957,NA,560,NA,"Sold",NA,NA,"https://www.redfin.com/CA/Oxnard/133-Sawtelle-Ave-93035/home/17173455","CRMLS","V1-15514","N","Y",34.1486256,-119.2139388,"133 Sawtelle Ave, Oxnard, CA",4179,3.38
"PAST SALE","February-12-2024","Single Family Residential","801 Ocean Dr","Oxnard","CA",93035,2874432,3,2,"VC32 - Oxnard - Port Hueneme Beaches",2130,2550,1987,NA,1349,NA,"Sold",NA,NA,"https://www.redfin.com/CA/Oxnard/801-Ocean-Dr-93035/home/4526778","CRMLS","V1-21220","Y","Y",34.1506971,-119.2174201,"801 Ocean Dr, Oxnard, CA",6300,3.87
"PAST SALE","January-25-2021","Single Family Residential","139 Hollywood Ave","Oxnard","CA",93035,1278500,3,3,"Silverstrand Beach - 0308",2226,1925,2003,NA,574,NA,"Sold",NA,NA,"https://www.redfin.com/CA/Oxnard/139-Hollywood-Ave-93035/home/4731759","CRMLS","V1-2914","N","Y",34.1507024,-119.2155481,"139 Hollywood Ave, Oxnard, CA",6724,3.79
"PAST SALE","November-13-2023","Single Family Residential","128 Camarillo Ave","Oxnard","CA",93035,1250000,2,2,"VC32 - Oxnard - Port Hueneme Beaches",1236,2450,1971,NA,1011,NA,"Sold",NA,NA,"https://www.redfin.com/CA/Oxnard/128-Camarillo-Ave-93035/home/4526301","CRMLS","V1-20097","N","Y",34.1494888,-119.2148023,"128 Camarillo Ave, Oxnard, CA",4532,3.25
"PAST SALE","June-11-2024","Single Family Residential","120 San Fernando Ave","Oxnard","CA",93035,1010000,2,2,"VC32 - Oxnard - Port Hueneme Beaches",864,2450,1925,NA,1169,NA,"Sold",NA,NA,"https://www.redfin.com/CA/Oxnard/120-San-Fernando-Ave-93035/home/4526686","CRMLS","V1-23453","N","Y",34.1510043,-119.2164476,"120 San Fernando Ave, Oxnard, CA",3417,3.71
"PAST SALE","September-15-2020","Single Family Residential","161 Sawtelle Ave #1","Oxnard","CA",93035,850000,3,2,"Silverstrand Beach - 0308",1404,43560,1981,NA,605,NA,"Sold",NA,NA,"https://www.redfin.com/CA/Oxnard/161-Sawtelle-Ave-93035/unit-1/home/180872947","CRMLS","V0-220008212","N","Y",34.1489379,-119.2133485,"161 Sawtelle Ave #1, Oxnard, CA",5191,3.69
"PAST SALE","November-8-2021","Single Family Residential","409 Ocean Dr","Oxnard","CA",93035,3400000,3,4,"Silverstrand Beach - 0308",3402,NA,1999,NA,999,NA,"Sold",NA,NA,"https://www.redfin.com/CA/Oxnard/409-Ocean-Dr-93035/home/4526384","CRMLS","V1-8346","Y","Y",34.1491733,-119.2161525,"409 Ocean Dr, Oxnard, CA",9619,3.44
"PAST SALE","October-5-2022","Single Family Residential","116 Bardsdale Ave","Oxnard","CA",93035,1500000,3,3,"VC32 - Oxnard - Port Hueneme Beaches",1794,2674,1957,NA,836,NA,"Sold",NA,NA,"https://www.redfin.com/CA/Oxnard/116-Bardsdale-Ave-93035/home/4526810","CRMLS","V1-14270","N","Y",34.1557367,-119.2208648,"116 Bardsdale Ave, Oxnard, CA",6601,3.73
"PAST SALE","April-8-2022","Single Family Residential","108 Anacapa Ave","Oxnard","CA",93035,2376000,5,3,"VC32 - Oxnard - Port Hueneme Beaches",2268,2625,1980,NA,1048,NA,"Sold",NA,NA,"https://www.redfin.com/CA/Oxnard/108-Anacapa-Ave-93035/home/4527727","CRMLS","SR22011128","N","Y",34.1575867,-119.2231244,"108 Anacapa Ave, Oxnard, CA",7741,3.63
"PAST SALE","May-4-2022","Single Family Residential","156 Santa Monica Ave","Oxnard","CA",93035,1595000,3,3,"Silverstrand Beach - 0308",2169,2450,1988,NA,735,NA,"Sold",NA,NA,"https://www.redfin.com/CA/Oxnard/156-Santa-Monica-Ave-93035/home/4526368","CRMLS","V1-11475","N","Y",34.1490662,-119.2135981,"156 Santa Monica Ave, Oxnard, CA",7215,3.62
"PAST SALE","June-24-2022","Single Family Residential","2121 Piru Ave","Oxnard","CA",93035,1480000,3,2,"VC32 - Oxnard - Port Hueneme Beaches",2076,2450,1978,NA,713,NA,"Sold",NA,NA,"https://www.redfin.com/CA/Oxnard/2121-Piru-Ave-93035/home/4528016","CRMLS","V1-12532","N","Y",34.1564431,-119.2218636,"2121 Piru Ave, Oxnard, CA",6837,3.08
"PAST SALE","August-1-2023","Single Family Residential","121 San Fernando Ave","Oxnard","CA",93035,1450000,3,3,"Silverstrand Beach - 0308",2109,2450,2001,NA,688,NA,"Sold",NA,NA,"https://www.redfin.com/CA/Oxnard/121-San-Fernando-Ave-93035/home/4526660","CRMLS","V1-17986","N","Y",34.1512534,-119.2166901,"121 San Fernando Ave, Oxnard, CA",7093,3.57
"PAST SALE","October-9-2020","Single Family Residential","148 Highland Dr","Oxnard","CA",93035,1250000,3,2.5,"Silverstrand Beach - 0308",1951,2450,1965,NA,641,NA,"Sold",NA,NA,"https://www.redfin.com/CA/Oxnard/148-Highland-Dr-93035/home/4527861","CRMLS","V0-220009090","N","Y",34.1569887,-119.2215613,"148 Highland Dr, Oxnard, CA",6681,2.9
"PAST SALE","May-19-2025","Single Family Residential","717 Ocean Dr","Oxnard","CA",93035,3648000,3,2.5,"VC32 - Oxnard - Port Hueneme Beaches",1892,2550,2005,NA,1928,NA,"Sold",NA,NA,"https://www.redfin.com/CA/Oxnard/717-Ocean-Dr-93035/home/4526782","CRMLS","V1-29203","N","Y",34.1504965,-119.2173115,"717 Ocean Dr, Oxnard, CA",6356,3.84
"PAST SALE","March-12-2024","Single Family Residential","209 Ocean Dr","Oxnard","CA",93035,3100000,3,2.5,"VC32 - Oxnard - Port Hueneme Beaches",2702,2500,2004,NA,1147,NA,"Sold",NA,NA,"https://www.redfin.com/CA/Oxnard/209-Ocean-Dr-93035/home/4526400","CRMLS","V1-21631","Y","Y",34.1484149,-119.2155131,"209 Ocean Dr, Oxnard, CA",8430,3.53
"PAST SALE","December-12-2022","Single Family Residential","117 Tujunga Ave","Oxnard","CA",93035,970000,3,1.5,"Silverstrand Beach - 0308",1200,2724,1957,NA,808,NA,"Sold",NA,NA,"https://www.redfin.com/CA/Oxnard/117-Tujunga-Ave-93035/home/4526832","CRMLS","V1-15263","N","Y",34.155572,-119.2206906,"117 Tujunga Ave, Oxnard, CA",4123,3.73
"PAST SALE",NA,"Single Family Residential","121 Hueneme Ave","Oxnard","CA",93035,1400000,3,2,NA,2003,2178,1974,NA,699,NA,NA,NA,NA,"https://www.redfin.com/CA/Oxnard/121-Hueneme-Ave-93035/home/4526929",NA,NA,"N","Y",34.155254,-119.2202322,"121 Hueneme Ave, Oxnard, CA",5906,4.9
"PAST SALE","January-15-2025","Single Family Residential","133 Glendale Ave","Oxnard","CA",93035,1195000,3,2,"Silverstrand Beach - 0308",1208,2450,1956,NA,989,NA,"Sold",NA,NA,"https://www.redfin.com/CA/Oxnard/133-Glendale-Ave-93035/home/4526971","CRMLS","V1-26525","N","Y",34.1550054,-119.2195757,"133 Glendale Ave, Oxnard, CA",4477,3.73
"PAST SALE","December-1-2022","Single Family Residential","144 San Fernando Ave","Oxnard","CA",93035,1080000,3,2,"Silverstrand Beach - 0308",1306,2450,1956,NA,827,NA,"Sold",NA,NA,"https://www.redfin.com/CA/Oxnard/144-San-Fernando-Ave-93035/home/4349459","CRMLS","V1-15291","N","Y",34.1513339,-119.2158906,"144 San Fernando Ave, Oxnard, CA",5886,3.99
"PAST SALE","July-1-2025","Single Family Residential","156 Highland Dr","Oxnard","CA",93035,1975000,5,3.5,"Silverstrand Beach - 0308",3344,2178,1994,NA,591,NA,"Sold",NA,NA,"https://www.redfin.com/CA/Oxnard/156-Highland-Dr-93035/home/4527869","CRMLS","V1-29838","N","Y",34.1569908,-119.2213299,"156 Highland Dr, Oxnard, CA",8879,3.05
"PAST SALE","August-17-2021","Single Family Residential","121 Sawtelle Ave","Oxnard","CA",93035,784625,2,1,"Silverstrand Beach - 0308",870,2450,1959,NA,902,NA,"Sold",NA,NA,"https://www.redfin.com/CA/Oxnard/121-Sawtelle-Ave-93035/home/4526361","CRMLS","V1-6865","N","Y",34.1484312,-119.2141979,"121 Sawtelle Ave, Oxnard, CA",3295,3.18
"PAST SALE",NA,"Single Family Residential","117 Bardsdale Ave","Oxnard","CA",93035,1200000,3,2,NA,1824,2178,1973,NA,658,NA,NA,NA,NA,"https://www.redfin.com/CA/Oxnard/117-Bardsdale-Ave-93035/home/4527973",NA,NA,"N","Y",34.1559818,-119.2211132,"117 Bardsdale Ave, Oxnard, CA",5755,3.72
"PAST SALE","June-11-2021","Single Family Residential","137 Santa Monica Ave","Oxnard","CA",93035,1250050,3,2,"Other (OTHR)",1626,2450,1975,NA,769,NA,"Sold",NA,NA,"https://www.redfin.com/CA/Oxnard/137-Santa-Monica-Ave-93035/home/4526333","CRMLS","SR21087258","N","Y",34.1491289,-119.2140329,"137 Santa Monica Ave, Oxnard, CA",5487,3.4
"PAST SALE","October-11-2024","Single Family Residential","121 Glendale Ave","Oxnard","CA",93035,1530000,3,3,"Oxnard - Port Hueneme Beaches",2065,2450,1989,NA,741,NA,"Sold",NA,NA,"https://www.redfin.com/CA/Oxnard/121-Glendale-Ave-93035/home/4526998","TheMLS","24-416023","N","Y",34.1548562,-119.2198747,"121 Glendale Ave, Oxnard, CA",6802,3.91
"PAST SALE","May-28-2025","Single Family Residential","136 Los Angeles Ave","Oxnard","CA",93035,830000,2,2,"Silverstrand Beach - 0308",785,2450,1927,NA,1057,NA,"Sold",NA,NA,"https://www.redfin.com/CA/Oxnard/136-Los-Angeles-Ave-93035/home/4526324","CRMLS","V1-28707","N","Y",34.1492637,-119.2143375,"136 Los Angeles Ave, Oxnard, CA",3854,3.32
"PAST SALE","November-30-2021","Single Family Residential","817 Ocean Dr","Oxnard","CA",93035,4295000,5,4,"Silverstrand Beach - 0308",3408,2550,2000,NA,1260,NA,"Sold",NA,NA,"https://www.redfin.com/CA/Oxnard/817-Ocean-Dr-93035/home/4526768","CRMLS","V1-8742","Y","Y",34.1508775,-119.2176623,"817 Ocean Dr, Oxnard, CA",9817,4.27
"PAST SALE","March-20-2024","Single Family Residential","516 Ocean Dr","Oxnard","CA",93035,1765000,3,1.5,"VC32 - Oxnard - Port Hueneme Beaches",1428,2667,1975,NA,1236,NA,"Sold",NA,NA,"https://www.redfin.com/CA/Oxnard/516-Ocean-Dr-93035/home/4526266","CRMLS","V1-21504","N","Y",34.149952,-119.2160616,"516 Ocean Dr, Oxnard, CA",5304,3.14
"PAST SALE","July-22-2020","Single Family Residential","1600 Ocean Dr","Oxnard","CA",93035,1649900,3,2.5,"Silverstrand Beach - 0308",2085,2450,1981,NA,791,NA,"Sold",NA,NA,"https://www.redfin.com/CA/Oxnard/1600-Ocean-Dr-93035/home/4527068","CRMLS","V0-220005241","N","Y",34.1541632,-119.2198587,"1600 Ocean Dr, Oxnard, CA",6981,3.73
"PAST SALE","June-26-2025","Single Family Residential","2500 Ocean Dr","Oxnard","CA",93035,2800000,4,3.5,"Silverstrand Beach - 0308",3189,2613,2006,NA,878,NA,"Sold",NA,NA,"https://www.redfin.com/CA/Oxnard/2500-Ocean-Dr-93035/home/4527619","CRMLS","V1-29599","N","Y",34.1577204,-119.2234475,"2500 Ocean Dr, Oxnard, CA",8877,3.62
"PAST SALE","October-16-2023","Single Family Residential","112 Van Nuys Ave","Oxnard","CA",93035,1965000,5,5.5,"OXSS - Silver Strand",3000,2450,2023,NA,655,NA,"Sold",NA,NA,"https://www.redfin.com/CA/Oxnard/112-Van-Nuys-Ave-93035/home/22817796","CRMLS","SR23136079","N","Y",34.1497466,-119.2154373,"112 Van Nuys Ave, Oxnard, CA",10015,3.13
"PAST SALE","August-27-2021","Single Family Residential","125 Sawtelle Ave","Oxnard","CA",93035,765600,1,1,"Silverstrand Beach - 0308",850,2450,1956,NA,901,NA,"Sold",NA,NA,"https://www.redfin.com/CA/Oxnard/125-Sawtelle-Ave-93035/home/4526360","CRMLS","V1-6866","N","Y",34.148437,-119.2140587,"125 Sawtelle Ave, Oxnard, CA",2963,3.23
"PAST SALE","March-3-2022","Single Family Residential","1801 Ocean Dr","Oxnard","CA",93035,4230000,4,3.5,"Silverstrand Beach - 0308",3402,2550,1999,NA,1243,NA,"Sold",NA,NA,"https://www.redfin.com/CA/Oxnard/1801-Ocean-Dr-93035/home/4527552","CRMLS","V1-10006","Y","Y",34.1546263,-119.220977,"1801 Ocean Dr, Oxnard, CA",9800,3.73
"PAST SALE","December-5-2024","Single Family Residential","145 San Fernando Ave","Oxnard","CA",93035,1005000,2,1,"Oxnard - Port Hueneme Beaches",938,2450,1954,NA,1071,NA,"Sold",NA,NA,"https://www.redfin.com/CA/Oxnard/145-San-Fernando-Ave-93035/home/4526650","TheMLS","24-449217","N","Y",34.1515874,-119.2161004,"145 San Fernando Ave, Oxnard, CA",3899,3.96
"PAST SALE","July-15-2021","Single Family Residential","2301 Chico Ct","Oxnard","CA",93035,1050000,2,2,"VENTURA",1583,1306,1987,NA,663,NA,"Sold",NA,NA,"https://www.redfin.com/CA/Oxnard/2301-Chico-Ct-93035/home/4527802","SBMLS","21-1742","N","Y",34.1572387,-119.221985,"2301 Chico Ct, Oxnard, CA",5390,2.42
"PAST SALE","June-22-2021","Single Family Residential","113 Ocean Dr","Oxnard","CA",93035,2575000,4,2.5,"Silverstrand Beach - 0308",2600,3001,1977,NA,990,NA,"Sold",NA,NA,"https://www.redfin.com/CA/Oxnard/113-Ocean-Dr-93035/home/169380093","CRMLS","V1-5347","Y","Y",34.1480421,-119.2151943,"113 Ocean Dr, Oxnard, CA",0,3.54
"PAST SALE","December-17-2021","Single Family Residential","2509 Ocean Dr","Oxnard","CA",93035,4350000,4,4,"Silverstrand Beach - 0308",3426,NA,2021,NA,1270,NA,"Sold",NA,NA,"https://www.redfin.com/CA/Oxnard/2509-Ocean-Dr-93035/home/22865539","CRMLS","V1-8345","Y","Y",34.1575722,-119.2239034,"2509 Ocean Dr, Oxnard, CA",9938,2.61
"PAST SALE","September-28-2020","Single Family Residential","120 Van Nuys Ave","Oxnard","CA",93035,1225000,4,3,"Silverstrand Beach - 0308",2635,2450,1988,NA,465,NA,"Sold",NA,NA,"https://www.redfin.com/CA/Oxnard/120-Van-Nuys-Ave-93035/home/4526272","CRMLS","V0-220007913","N","Y",34.1498099,-119.2153465,"120 Van Nuys Ave, Oxnard, CA",7825,3.13
"PAST SALE","August-12-2022","Single Family Residential","124 Pasadena Ave","Oxnard","CA",93035,979500,2,2,"VC32 - Oxnard - Port Hueneme Beaches",966,2450,1955,NA,1014,NA,"Sold",NA,NA,"https://www.redfin.com/CA/Oxnard/124-Pasadena-Ave-93035/home/4526605","CRMLS","V1-12996","N","Y",34.1518375,-119.2170265,"124 Pasadena Ave, Oxnard, CA",3983,3.26
"PAST SALE","November-1-2023","Single Family Residential","913 Ocean Dr","Oxnard","CA",93035,3580000,4,3,"VC32 - Oxnard - Port Hueneme Beaches",2441,2550,1973,NA,1467,NA,"Sold",NA,NA,"https://www.redfin.com/CA/Oxnard/913-Ocean-Dr-93035/home/4526794","CRMLS","V1-19490","Y","Y",34.1512303,-119.2179226,"913 Ocean Dr, Oxnard, CA",8371,2.88
"PAST SALE","October-20-2021","Single Family Residential","108 Bardsdale Ave","Oxnard","CA",93035,1360000,3,3,"VC32 - Oxnard - Port Hueneme Beaches",2185,2575,1980,NA,622,NA,"Sold",NA,NA,"https://www.redfin.com/CA/Oxnard/108-Bardsdale-Ave-93035/home/4526803","CRMLS","V1-7337","N","Y",34.1556013,-119.2210321,"108 Bardsdale Ave, Oxnard, CA",7551,3.73
"PAST SALE","May-19-2025","Single Family Residential","140 Ojai Ave","Oxnard","CA",93035,1569000,4,3,"Silverstrand Beach - 0308",2448,2450,2006,NA,641,NA,"Sold",NA,NA,"https://www.redfin.com/CA/Oxnard/140-Ojai-Ave-93035/home/4527100","CRMLS","V1-28413","N","Y",34.1544773,-119.2187974,"140 Ojai Ave, Oxnard, CA",7567,3.74
"PAST SALE","October-28-2022","Single Family Residential","109 Ocean Dr","Oxnard","CA",93035,3150000,3,3.5,"Oxnard - PH Beaches",2600,3001,1977,NA,1212,NA,"Sold",NA,NA,"https://www.redfin.com/CA/Oxnard/109-Ocean-Dr-93035/home/4526401","CSMAR","222003768","N","Y",34.1479996,-119.2151254,"109 Ocean Dr, Oxnard, CA",0,3.51
"PAST SALE","August-28-2024","Single Family Residential","129 Santa Paula Ave","Oxnard","CA",93035,1777000,3,3.5,"Other (OTHR)",2667,2450,1988,NA,666,NA,"Sold",NA,NA,"https://www.redfin.com/CA/Oxnard/129-Santa-Paula-Ave-93035/home/4527299","CRMLS","SR24113728","N","Y",34.1534049,-119.2182442,"129 Santa Paula Ave, Oxnard, CA",8705,3.69
"PAST SALE","July-23-2020","Single Family Residential","141 Santa Paula Ave","Oxnard","CA",93035,975000,3,5,"VC32 - Oxnard - Port Hueneme Beaches",1958,2450,2008,NA,498,NA,"Sold",NA,NA,"https://www.redfin.com/CA/Oxnard/141-Santa-Paula-Ave-93035/home/17171662","CRMLS","V0-220004775","N","Y",34.153635,-119.2178372,"141 Santa Paula Ave, Oxnard, CA",8273,3.88
"PAST SALE","December-27-2021","Single Family Residential","117 Santa Monica Ave Ave","Oxnard","CA",93035,1347500,4,3,"Silverstrand Beach - 0308",1768,NA,1973,NA,762,NA,"Sold",NA,NA,"https://www.redfin.com/CA/Oxnard/117-Santa-Monica-Ave-93035/home/4526338","CRMLS","V1-8754","N","Y",34.1487532,-119.214714,"117 Santa Monica Ave Ave, Oxnard, CA",5769,3.13
"PAST SALE",NA,"Single Family Residential","500 Ocean Dr","Oxnard","CA",93035,1600000,4,NA,NA,2651,2178,1989,NA,604,NA,NA,NA,NA,"https://www.redfin.com/CA/Oxnard/500-Ocean-Dr-93035/home/4526264",NA,NA,"N","Y",34.1497941,-119.2159557,"500 Ocean Dr, Oxnard, CA",7900,3.13
"PAST SALE","July-25-2023","Single Family Residential","133 San Fernando Ave","Oxnard","CA",93035,979000,3,1.5,"VC32 - Oxnard - Port Hueneme Beaches",1280,2450,1935,NA,765,NA,"Sold",NA,NA,"https://www.redfin.com/CA/Oxnard/133-San-Fernando-Ave-93035/home/4719686","CRMLS","V1-18062","N","Y",34.1513887,-119.2163609,"133 San Fernando Ave, Oxnard, CA",3883,3.71
"PAST SALE","March-21-2023","Single Family Residential","141 Pasadena Ave","Oxnard","CA",93035,1390000,3,2,"VC32 - Oxnard - Port Hueneme Beaches",1600,2450,1978,NA,869,NA,"Sold",NA,NA,"https://www.redfin.com/CA/Oxnard/141-Pasadena-Ave-93035/home/4526433","CRMLS","V1-15555","N","Y",34.1523304,-119.2167693,"141 Pasadena Ave, Oxnard, CA",5063,3.69
"PAST SALE","April-7-2021","Single Family Residential","106 Ocean Dr","Oxnard","CA",93035,1465000,3,3,"Silverstrand Beach - 0308",1816,1820,2000,NA,807,NA,"Sold",NA,NA,"https://www.redfin.com/CA/Oxnard/106-Ocean-Dr-93035/home/4526371","CRMLS","V1-3311","N","Y",34.1482218,-119.2146378,"106 Ocean Dr, Oxnard, CA",6519,3.15
"PAST SALE","August-18-2023","Single Family Residential","1516 Ocean Dr","Oxnard","CA",93035,1900000,4,3,"VC31 - Oxnard - Northwest",2661,2450,1995,NA,714,NA,"Sold",NA,NA,"https://www.redfin.com/CA/Oxnard/1516-Ocean-Dr-93035/home/4527166","CRMLS","V1-18316","N","Y",34.153947,-119.2196148,"1516 Ocean Dr, Oxnard, CA",8173,3.73
"PAST SALE","September-3-2020","Single Family Residential","140 Santa Paula Ave","Oxnard","CA",93035,740000,2,1,"Silverstrand Beach - 0308",924,2657,1957,NA,801,NA,"Sold",NA,NA,"https://www.redfin.com/CA/Oxnard/140-Santa-Paula-Ave-93035/home/4527402","CRMLS","V0-220005476","N","Y",34.1533367,-119.217719,"140 Santa Paula Ave, Oxnard, CA",3335,3.72
"PAST SALE","November-10-2022","Single Family Residential","405 Ocean Dr","Oxnard","CA",93035,3218000,4,4.5,"VC32 - Oxnard - Port Hueneme Beaches",2792,2500,2011,NA,1153,NA,"Sold",NA,NA,"https://www.redfin.com/CA/Oxnard/405-Ocean-Dr-93035/home/4526385","CRMLS","V1-14024","Y","Y",34.1490809,-119.2161638,"405 Ocean Dr, Oxnard, CA",8384,3.37
"PAST SALE","February-6-2023","Single Family Residential","117 Santa Rosa Ave","Oxnard","CA",93035,865000,2,1,"OXSS - Silver Strand",924,2450,1957,NA,936,NA,"Sold",NA,NA,"https://www.redfin.com/CA/Oxnard/117-Santa-Rosa-Ave-93035/home/4527720","CRMLS","SR22230316","N","Y",34.1576112,-119.2227311,"117 Santa Rosa Ave, Oxnard, CA",3321,3.47
"PAST SALE","February-26-2025","Single Family Residential","121 Moorpark Ave","Oxnard","CA",93035,1600000,3,2.5,"Silverstrand Beach - 0308",2448,2450,2006,NA,654,NA,"Sold",NA,NA,"https://www.redfin.com/CA/Oxnard/121-Moorpark-Ave-93035/home/4349463","CRMLS","V1-26228","N","Y",34.1540398,-119.2192459,"121 Moorpark Ave, Oxnard, CA",7689,3.73
"PAST SALE","July-28-2020","Single Family Residential","129 Los Angeles Ave","Oxnard","CA",93035,990000,3,3,"Silverstrand Beach - 0308",2027,2450,1997,NA,488,NA,"Sold",NA,NA,"https://www.redfin.com/CA/Oxnard/129-Los-Angeles-Ave-93035/home/4349455","CRMLS","V0-220003547","N","Y",34.149362,-119.2147075,"129 Los Angeles Ave, Oxnard, CA",6345,3.24
"PAST SALE","October-2-2023","Single Family Residential","124 Ocean Dr","Oxnard","CA",93035,2450000,4,4,"VC32 - Oxnard - Port Hueneme Beaches",2522,2205,2017,NA,971,NA,"Sold",NA,NA,"https://www.redfin.com/CA/Oxnard/124-Ocean-Dr-93035/home/22827583","CRMLS","V1-18293","N","Y",34.1483971,-119.2147875,"124 Ocean Dr, Oxnard, CA",9237,3.13
"PAST SALE","September-21-2021","Single Family Residential","1205 Ocean Dr","Oxnard","CA",93035,2475000,2,2,"Oxnard - PH Beaches",1041,2550,1933,NA,2378,NA,"Sold",NA,NA,"https://www.redfin.com/CA/Oxnard/1205-Ocean-Dr-93035/home/4527482","CSMAR","221002906","Y","Y",34.1523853,-119.2188655,"1205 Ocean Dr, Oxnard, CA",4351,3.54
"PAST SALE","July-30-2024","Single Family Residential","125 Glendale Ave","Oxnard","CA",93035,820000,2,1,"Silverstrand Beach - 0308",870,2450,1927,NA,943,NA,"Sold",NA,NA,"https://www.redfin.com/CA/Oxnard/125-Glendale-Ave-93035/home/4527001","CRMLS","V1-22734","N","Y",34.1548783,-119.2197396,"125 Glendale Ave, Oxnard, CA",2791,3.78
"PAST SALE","November-30-2023","Single Family Residential","112 San Nicholas Ave","Oxnard","CA",93035,1850000,3,3,"VC32 - Oxnard - Port Hueneme Beaches",2201,2450,1988,NA,841,NA,"Sold",NA,NA,"https://www.redfin.com/CA/Oxnard/112-San-Nicholas-Ave-93035/home/4527650","CRMLS","V1-19211","N","Y",34.1580468,-119.2233967,"112 San Nicholas Ave, Oxnard, CA",7249,2.01
"PAST SALE","October-21-2020","Single Family Residential","116 Ventura Ave","Oxnard","CA",93035,1160000,3,2,"VC32 - Oxnard - Port Hueneme Beaches",2252,2450,1986,NA,515,NA,"Sold",NA,NA,"https://www.redfin.com/CA/Oxnard/116-Ventura-Ave-93035/home/4526559","CRMLS","OC20113488","N","Y",34.1521729,-119.2175714,"116 Ventura Ave, Oxnard, CA",7000,3.24
"PAST SALE","March-18-2025","Single Family Residential","108 Eagle Rock Ave","Oxnard","CA",93035,1200000,2,1,"Silverstrand Beach - 0308",812,2178,1950,NA,1478,NA,"Sold",NA,NA,"https://www.redfin.com/CA/Oxnard/108-Eagle-Rock-Ave-93035/home/4526218","CRMLS","V1-26501","N","Y",34.150413,-119.2163908,"108 Eagle Rock Ave, Oxnard, CA",3272,3.67
"PAST SALE","January-30-2023","Single Family Residential","140 Santa Monica Ave","Oxnard","CA",93035,1125000,3,3,"Oxnard - PH Beaches",2306,2450,1973,NA,488,NA,"Sold",NA,NA,"https://www.redfin.com/CA/Oxnard/140-Santa-Monica-Ave-93035/home/4526353","CSMAR","222004261","N","Y",34.1488646,-119.2138578,"140 Santa Monica Ave, Oxnard, CA",6937,3.45
"PAST SALE","May-29-2025","Single Family Residential","120 Santa Monica Ave","Oxnard","CA",93035,1444254,3,3,"Silverstrand Beach - 0308",2008,2450,1975,NA,719,NA,"Sold",NA,NA,"https://www.redfin.com/CA/Oxnard/120-Santa-Monica-Ave-93035/home/4526348","CRMLS","V1-27092","N","Y",34.148586,-119.2143241,"120 Santa Monica Ave, Oxnard, CA",6753,3.13
"PAST SALE","June-10-2025","Single Family Residential","1005 Ocean Dr","Oxnard","CA",93035,3750000,5,4.5,"Silverstrand Beach - 0308",2806,2550,1990,NA,1336,NA,"Sold",NA,NA,"https://www.redfin.com/CA/Oxnard/1005-Ocean-Dr-93035/home/4526754","CRMLS","V1-26994","N","Y",34.1515627,-119.2182,"1005 Ocean Dr, Oxnard, CA",9450,3.84
"PAST SALE","March-2-2021","Single Family Residential","100 Ocean Dr","Oxnard","CA",93035,1750000,5,3.5,"Oxnard - PH Beaches",2703,2205,2002,NA,647,NA,"Sold",NA,NA,"https://www.redfin.com/CA/Oxnard/100-Ocean-Dr-93035/home/4526372","CSMAR","220011194","N","Y",34.1481586,-119.2145863,"100 Ocean Dr, Oxnard, CA",9048,3.15
"PAST SALE","April-9-2021","Single Family Residential","144 Pasadena Ave","Oxnard","CA",93035,1700000,5,4,"VC32 - Oxnard - Port Hueneme Beaches",2842,2450,2008,NA,598,NA,"Sold",NA,NA,"https://www.redfin.com/CA/Oxnard/144-Pasadena-Ave-93035/home/17171664","CRMLS","V1-1984","N","Y",34.152123,-119.2165542,"144 Pasadena Ave, Oxnard, CA",8799,3.66
"PAST SALE","February-6-2025","Condo/Co-op","159 Los Angeles Ave","Oxnard","CA",93035,960000,4,3.5,"Oxnard - PH Beaches",1871,3212,1959,NA,513,NA,"Sold",NA,NA,"https://www.redfin.com/CA/Oxnard/159-Los-Angeles-Ave-93035/home/190850473","CSMAR","224003370","N","Y",34.1497943,-119.2139894,"159 Los Angeles Ave, Oxnard, CA",4350,3.75
"PAST SALE","October-23-2020","Single Family Residential","124 San Fernando Ave","Oxnard","CA",93035,805000,2,1,"Silverstrand Beach - 0308",914,2450,1947,NA,881,NA,"Sold",NA,NA,"https://www.redfin.com/CA/Oxnard/124-San-Fernando-Ave-93035/home/4526688","CRMLS","V0-220003023","N","Y",34.1510607,-119.2163454,"124 San Fernando Ave, Oxnard, CA",3319,3.68
"PAST SALE","October-15-2020","Single Family Residential","125 Ventura Ave","Oxnard","CA",93035,795000,2,1,"VC32 - Oxnard - Port Hueneme Beaches",1005,2450,1958,NA,791,NA,"Sold",NA,NA,"https://www.redfin.com/CA/Oxnard/125-Ventura-Ave-93035/home/4526412","CRMLS","V0-220001938","N","Y",34.1526175,-119.2173898,"125 Ventura Ave, Oxnard, CA",3650,3.54
"PAST SALE","September-3-2020","Single Family Residential","141 Bardsdale Ave","Oxnard","CA",93035,924900,3,2,"Silverstrand Beach - 0308",1908,2450,1975,NA,485,NA,"Sold",NA,NA,"https://www.redfin.com/CA/Oxnard/141-Bardsdale-Ave-93035/home/4527947","CRMLS","V0-220002157","N","Y",34.1563629,-119.2206024,"141 Bardsdale Ave, Oxnard, CA",5873,4.07
"PAST SALE","July-17-2020","Single Family Residential","144 Los Angeles Ave","Oxnard","CA",93035,780000,2,1.5,"VC32 - Oxnard - Port Hueneme Beaches",1157,2450,1939,NA,674,NA,"Sold",NA,NA,"https://www.redfin.com/CA/Oxnard/144-Los-Angeles-Ave-93035/home/4526326","CRMLS","V0-219014239","N","Y",34.1493366,-119.2141107,"144 Los Angeles Ave, Oxnard, CA",4496,3.5
"PAST SALE","August-30-2023","Multi-Family (2-4 Unit)","145-147 Hollywood Ave","Oxnard","CA",93035,1015000,3,2,"VC32 - Oxnard - Port Hueneme Beaches",840,3500,1951,NA,1208,NA,"Sold",NA,NA,"https://www.redfin.com/CA/Oxnard/145-Hollywood-Ave-93035/home/4526232","CRMLS","V1-16190","N","Y",34.1507503,-119.2154798,"145-147 Hollywood Ave, Oxnard, CA",0,3.81
"PAST SALE",NA,"Single Family Residential","161 Sawtelle Ave","Oxnard","CA",93035,850000,3,2,NA,1404,2178,1981,NA,605,NA,NA,NA,NA,"https://www.redfin.com/CA/Oxnard/161-Sawtelle-Ave-93035/home/4526356",NA,NA,"N","Y",34.1489379,-119.2133485,"161 Sawtelle Ave, Oxnard, CA",5216,3.69
"PAST SALE","August-7-2020","Single Family Residential","109 Los Angeles Ave","Oxnard","CA",93035,840000,2,3,"VC32 - Oxnard - Port Hueneme Beaches",1508,2450,1954,NA,557,NA,"Sold",NA,NA,"https://www.redfin.com/CA/Oxnard/109-Los-Angeles-Ave-93035/home/4526312","CRMLS","SW19271527","N","Y",34.149102,-119.2151648,"109 Los Angeles Ave, Oxnard, CA",5466,3.13
"PAST SALE","February-6-2025","Townhouse","157 Los Angeles Ave","Oxnard","CA",93035,959000,4,3.5,"Oxnard - PH Beaches",1871,3212,1959,NA,513,NA,"Sold",NA,NA,"https://www.redfin.com/CA/Oxnard/157-Los-Angeles-Ave-93035/home/4526305","CSMAR","224001918","N","Y",34.1497115,-119.2140949,"157 Los Angeles Ave, Oxnard, CA",4904,3.68
"PAST SALE","August-7-2020","Single Family Residential","125 Fillmore Ave","Oxnard","CA",93035,1050000,3,2.5,"Silverstrand Beach - 0308",2385,2450,2001,NA,440,NA,"Sold",NA,NA,"https://www.redfin.com/CA/Oxnard/125-Fillmore-Ave-93035/home/4527222","CRMLS","V0-219009956","N","Y",34.1537458,-119.2187066,"125 Fillmore Ave, Oxnard, CA",6981,3.73
"PAST SALE",NA,"Single Family Residential","137 Sawtelle Ave","Oxnard","CA",93035,408000,NA,NA,NA,NA,2450,NA,NA,NA,NA,NA,NA,NA,"https://www.redfin.com/CA/Oxnard/137-Sawtelle-Ave-93035/home/185698821",NA,NA,"N","Y",34.148664,-119.213807,"137 Sawtelle Ave, Oxnard, CA",0,3.43
"PAST SALE",NA,"Multi-Family (2-4 Unit)","133 Burbank Ave","Oxnard","CA",93035,1650000,6,4,NA,3000,4791,1970,NA,550,NA,NA,NA,NA,"https://www.redfin.com/CA/Oxnard/133-Burbank-Ave-93035/home/4526610",NA,NA,"N","Y",34.151807,-119.2166983,"133 Burbank Ave, Oxnard, CA",0,3.52
"PAST SALE",NA,"Single Family Residential","129 Eagle Rock Ave","Oxnard","CA",93035,725000,3,1,NA,1016,2178,1941,NA,714,NA,NA,NA,NA,"https://www.redfin.com/CA/Oxnard/129-Eagle-Rock-Ave-93035/home/4526723",NA,NA,"N","Y",34.1509209,-119.2161184,"129 Eagle Rock Ave, Oxnard, CA",3752,3.73
"PAST SALE",NA,"Single Family Residential","117 Sawtelle Ave","Oxnard","CA",93035,303633,2,1,NA,471,2178,1934,NA,557,NA,NA,NA,NA,"https://www.redfin.com/CA/Oxnard/117-Sawtelle-Ave-93035/home/4526362",NA,NA,"Y","Y",34.1483711,-119.214268,"117 Sawtelle Ave, Oxnard, CA",3033,3.13
"PAST SALE",NA,"Single Family Residential","113 Sawtelle Ave","Oxnard","CA",93035,313623,2,2,NA,960,2178,1971,NA,125,NA,NA,NA,NA,"https://www.redfin.com/CA/Oxnard/113-Sawtelle-Ave-93035/home/4526363",NA,NA,"Y","Y",34.1483127,-119.2143807,"113 Sawtelle Ave, Oxnard, CA",3955,3.13
"PAST SALE",NA,"Single Family Residential","112 Ocean Dr","Oxnard","CA",93035,613055,3,3,NA,1892,1742,1989,NA,219,NA,NA,NA,NA,"https://www.redfin.com/CA/Oxnard/112-Ocean-Dr-93035/home/4526369",NA,NA,"Y","Y",34.14828,-119.2146889,"112 Ocean Dr, Oxnard, CA",6410,3.13
"PAST SALE",NA,"Single Family Residential","118 Ocean Dr","Oxnard","CA",93035,1550000,3,3,NA,2095,1742,1989,NA,740,NA,NA,NA,NA,"https://www.redfin.com/CA/Oxnard/118-Ocean-Dr-93035/home/4526370",NA,NA,"Y","Y",34.1483355,-119.2147357,"118 Ocean Dr, Oxnard, CA",6720,3.12
"PAST SALE","March-11-2020","Single Family Residential","112 Santa Monica Ave","Oxnard","CA",93035,767580,3,2,"Silverstrand Beach - 0308",1258,2450,1958,NA,610,NA,"Sold",NA,NA,"https://www.redfin.com/CA/Oxnard/112-Santa-Monica-Ave-93035/home/4526346","CRMLS","V0-220000459","Y","Y",34.148541,-119.2145551,"112 Santa Monica Ave, Oxnard, CA",4708,3.13
"PAST SALE",NA,"Single Family Residential","124 Los Angeles Ave","Oxnard","CA",93035,795000,3,3,NA,2111,2178,1981,NA,377,NA,NA,NA,NA,"https://www.redfin.com/CA/Oxnard/124-Los-Angeles-Ave-93035/home/4526321",NA,NA,"Y","Y",34.1490389,-119.2145323,"124 Los Angeles Ave, Oxnard, CA",6905,3.19
"PAST SALE",NA,"Single Family Residential","121 Santa Monica Ave","Oxnard","CA",93035,357872,3,2,NA,1355,2178,1973,NA,120,NA,NA,NA,NA,"https://www.redfin.com/CA/Oxnard/121-Santa-Monica-Ave-93035/home/4526337",NA,NA,"Y","Y",34.1488299,-119.2145291,"121 Santa Monica Ave, Oxnard, CA",4903,3.13
"PAST SALE",NA,"Single Family Residential","121 Camarillo Ave","Oxnard","CA",93035,308148,3,1,NA,1013,2178,1958,NA,183,NA,NA,NA,NA,"https://www.redfin.com/CA/Oxnard/121-Camarillo-Ave-93035/home/4526288",NA,NA,"Y","Y",34.1496466,-119.2152102,"121 Camarillo Ave, Oxnard, CA",3730,3.13
"PAST SALE",NA,"Single Family Residential","117 Camarillo Ave","Oxnard","CA",93035,415528,1,1,NA,371,2178,1953,NA,202,NA,NA,NA,NA,"https://www.redfin.com/CA/Oxnard/117-Camarillo-Ave-93035/home/4526289",NA,NA,"Y","Y",34.1496101,-119.2153124,"117 Camarillo Ave, Oxnard, CA",2631,3.13
"PAST SALE",NA,"Single Family Residential","113 Camarillo Ave","Oxnard","CA",93035,253943,1,1,NA,786,2178,1927,NA,191,NA,NA,NA,NA,"https://www.redfin.com/CA/Oxnard/113-Camarillo-Ave-93035/home/4526290",NA,NA,"Y","Y",34.149546,-119.2154065,"113 Camarillo Ave, Oxnard, CA",2862,3.13
"PAST SALE",NA,"Single Family Residential","109 Camarillo Ave","Oxnard","CA",93035,317748,3,1,NA,926,2178,1958,NA,219,NA,NA,NA,NA,"https://www.redfin.com/CA/Oxnard/109-Camarillo-Ave-93035/home/4526291",NA,NA,"Y","Y",34.1494995,-119.2155153,"109 Camarillo Ave, Oxnard, CA",3393,3.13
"PAST SALE",NA,"Single Family Residential","119 Hollywood Ave","Oxnard","CA",93035,629173,3,2,NA,1792,2178,1974,NA,191,NA,NA,NA,NA,"https://www.redfin.com/CA/Oxnard/119-Hollywood-Ave-93035/home/4526237",NA,NA,"Y","Y",34.1503952,-119.2160821,"119 Hollywood Ave, Oxnard, CA",5759,3.56
"PAST SALE",NA,"Single Family Residential","113 Hollywood Ave","Oxnard","CA",93035,745257,2,2,NA,1760,2178,1982,NA,359,NA,NA,NA,NA,"https://www.redfin.com/CA/Oxnard/113-Hollywood-Ave-93035/home/4526238",NA,NA,"Y","Y",34.1502921,-119.2160657,"113 Hollywood Ave, Oxnard, CA",5639,3.35
"PAST SALE",NA,"Single Family Residential","109 Hollywood Ave","Oxnard","CA",93035,370726,4,1,NA,1316,2178,1937,NA,171,NA,NA,NA,NA,"https://www.redfin.com/CA/Oxnard/109-Hollywood-Ave-93035/home/4526242",NA,NA,"Y","Y",34.1502496,-119.2162546,"109 Hollywood Ave, Oxnard, CA",4290,3.58
"PAST SALE",NA,"Single Family Residential","113 Van Nuys Ave","Oxnard","CA",93035,69315,2,2,NA,1467,2178,1963,NA,20,NA,NA,NA,NA,"https://www.redfin.com/CA/Oxnard/113-Van-Nuys-Ave-93035/home/4526262",NA,NA,"Y","Y",34.1499422,-119.2157551,"113 Van Nuys Ave, Oxnard, CA",5106,3.13
"PAST SALE",NA,"Single Family Residential","508 Ocean Dr","Oxnard","CA",93035,855335,5,3,NA,2690,2178,1989,NA,215,NA,NA,NA,NA,"https://www.redfin.com/CA/Oxnard/508-Ocean-Dr-93035/home/4526265",NA,NA,"Y","Y",34.1498714,-119.2160276,"508 Ocean Dr, Oxnard, CA",8452,3.12
"PAST SALE",NA,"Single Family Residential","524 Ocean Dr","Oxnard","CA",93035,555020,5,3,NA,3088,2613,1990,NA,27,NA,NA,NA,NA,"https://www.redfin.com/CA/Oxnard/524-Ocean-Dr-93035/home/4526267",NA,NA,"Y","Y",34.149995,-119.2161638,"524 Ocean Dr, Oxnard, CA",8435,3.26
"PAST SALE",NA,"Multi-Family (2-4 Unit)","400 Ocean Dr","Oxnard","CA",93035,535507,NA,NA,NA,1788,2613,1970,NA,199,NA,NA,NA,NA,"https://www.redfin.com/CA/Oxnard/400-Ocean-Dr-93035/home/4526294",NA,NA,"Y","Y",34.1493814,-119.2156189,"400 Ocean Dr, Oxnard, CA",0,3.13
"PAST SALE",NA,"Single Family Residential","408 Ocean Dr","Oxnard","CA",93035,220845,1,2,NA,1214,1306,2004,NA,6,NA,NA,NA,NA,"https://www.redfin.com/CA/Oxnard/408-Ocean-Dr-93035/home/4526292",NA,NA,"Y","Y",34.1494513,-119.2156629,"408 Ocean Dr, Oxnard, CA",4053,3.13
"PAST SALE",NA,"Single Family Residential","416 Ocean Dr","Oxnard","CA",93035,352704,3,2,NA,1833,2613,1978,NA,81,NA,NA,NA,NA,"https://www.redfin.com/CA/Oxnard/416-Ocean-Dr-93035/home/4526293",NA,NA,"Y","Y",34.1495168,-119.2157097,"416 Ocean Dr, Oxnard, CA",5794,3.13
"PAST SALE",NA,"Single Family Residential","624 Ocean Dr","Oxnard","CA",93035,185665,2,1,NA,1236,2178,1940,NA,66,NA,NA,NA,NA,"https://www.redfin.com/CA/Oxnard/624-Ocean-Dr-93035/home/4526241",NA,NA,"Y","Y",34.1503895,-119.2165539,"624 Ocean Dr, Oxnard, CA",3952,3.73
"PAST SALE",NA,"Single Family Residential","616 Ocean Dr","Oxnard","CA",93035,839282,5,3,NA,2720,2178,1989,NA,205,NA,NA,NA,NA,"https://www.redfin.com/CA/Oxnard/616-Ocean-Dr-93035/home/4526240",NA,NA,"Y","Y",34.1503189,-119.2164888,"616 Ocean Dr, Oxnard, CA",8386,3.73
"PAST SALE","June-15-2020","Single Family Residential","121 Eagle Rock Ave","Oxnard","CA",93035,680000,2,1,"VC32 - Oxnard - Port Hueneme Beaches",800,2450,1955,NA,850,NA,"Sold",NA,NA,"https://www.redfin.com/CA/Oxnard/121-Eagle-Rock-Ave-93035/home/4526728","CRMLS","V0-220004840","Y","Y",34.1508306,-119.2163217,"121 Eagle Rock Ave, Oxnard, CA",3291,3.73
"PAST SALE",NA,"Single Family Residential","113 Eagle Rock Ave","Oxnard","CA",93035,267917,2,1,NA,792,2178,1949,NA,177,NA,NA,NA,NA,"https://www.redfin.com/CA/Oxnard/113-Eagle-Rock-Ave-93035/home/4526734",NA,NA,"Y","Y",34.1507008,-119.2164918,"113 Eagle Rock Ave, Oxnard, CA",3268,3.67
"PAST SALE",NA,"Single Family Residential","708 Ocean Dr","Oxnard","CA",93035,716901,3,2,NA,2146,2178,1977,NA,231,NA,NA,NA,NA,"https://www.redfin.com/CA/Oxnard/708-Ocean-Dr-93035/home/4526741",NA,NA,"Y","Y",34.1506365,-119.2167541,"708 Ocean Dr, Oxnard, CA",6011,3.73
"PAST SALE",NA,"Single Family Residential","716 Ocean Dr","Oxnard","CA",93035,513321,3,2,NA,1630,2178,1977,NA,229,NA,NA,NA,NA,"https://www.redfin.com/CA/Oxnard/716-Ocean-Dr-93035/home/4526739",NA,NA,"Y","Y",34.1507163,-119.2168297,"716 Ocean Dr, Oxnard, CA",5409,3.73
"PAST SALE",NA,"Single Family Residential","724 Ocean Dr","Oxnard","CA",93035,164192,3,2,NA,1246,2178,1957,NA,36,NA,NA,NA,NA,"https://www.redfin.com/CA/Oxnard/724-Ocean-Dr-93035/home/4526738",NA,NA,"Y","Y",34.1508008,-119.216905,"724 Ocean Dr, Oxnard, CA",4508,3.73
"PAST SALE",NA,"Single Family Residential","109 San Fernando Ave","Oxnard","CA",93035,351374,3,2,NA,2200,2178,1981,NA,92,NA,NA,NA,NA,"https://www.redfin.com/CA/Oxnard/109-San-Fernando-Ave-93035/home/4526668",NA,NA,"Y","Y",34.1510663,-119.2169357,"109 San Fernando Ave, Oxnard, CA",6175,3.54
"PAST SALE",NA,"Multi-Family (2-4 Unit)","117 San Fernando Ave","Oxnard","CA",93035,380158,NA,NA,NA,750,2178,1953,NA,350,NA,NA,NA,NA,"https://www.redfin.com/CA/Oxnard/117-San-Fernando-Ave-93035/home/4526661",NA,NA,"Y","Y",34.1511872,-119.2167404,"117 San Fernando Ave, Oxnard, CA",0,3.52
"PAST SALE",NA,"Single Family Residential","108 Burbank Ave","Oxnard","CA",93035,482750,2,1,NA,728,2178,1930,NA,467,NA,NA,NA,NA,"https://www.redfin.com/CA/Oxnard/108-Burbank-Ave-93035/home/4526615",NA,NA,"Y","Y",34.15128,-119.2171081,"108 Burbank Ave, Oxnard, CA",3074,3.27
"PAST SALE",NA,"Single Family Residential","112 Burbank Ave","Oxnard","CA",93035,570856,2,1,NA,924,2178,1957,NA,514,NA,NA,NA,NA,"https://www.redfin.com/CA/Oxnard/112-Burbank-Ave-93035/home/4526618",NA,NA,"Y","Y",34.1512901,-119.2169823,"112 Burbank Ave, Oxnard, CA",3327,3.4
"PAST SALE","March-19-2018","Single Family Residential","816 Ocean Dr","Oxnard","CA",93035,1070000,4,2,"Silverstrand Beach - 0308",1836,2450,1965,NA,583,NA,"Sold",NA,NA,"https://www.redfin.com/CA/Oxnard/816-Ocean-Dr-93035/home/4526676","CRMLS","V0-217014167","Y","Y",34.1511158,-119.2171958,"816 Ocean Dr, Oxnard, CA",6125,3.49
"PAST SALE","April-6-2018","Single Family Residential","900 Ocean Dr","Oxnard","CA",93035,775000,2,1,"VC32 - Oxnard - Port Hueneme Beaches",918,2450,1956,NA,844,NA,"Sold",NA,NA,"https://www.redfin.com/CA/Oxnard/900-Ocean-Dr-93035/home/4526596","CRMLS","V0-218003205","Y","Y",34.1513339,-119.2174352,"900 Ocean Dr, Oxnard, CA",3927,2.92
"PAST SALE",NA,"Single Family Residential","109 Burbank Ave","Oxnard","CA",93035,71989,2,1,NA,952,2178,1961,NA,17,NA,NA,NA,NA,"https://www.redfin.com/CA/Oxnard/109-Burbank-Ave-93035/home/4526594",NA,NA,"Y","Y",34.1514723,-119.2174719,"109 Burbank Ave, Oxnard, CA",3309,2.94
"PAST SALE","January-22-2018","Single Family Residential","916 Ocean Dr","Oxnard","CA",93035,810000,2,2,"VC32 - Oxnard - Port Hueneme Beaches",1041,2450,1957,NA,778,NA,"Sold",NA,NA,"https://www.redfin.com/CA/Oxnard/916-Ocean-Dr-93035/home/4526599","CRMLS","V0-217014401","Y","Y",34.1515233,-119.2175306,"916 Ocean Dr, Oxnard, CA",3618,2.88
"PAST SALE",NA,"Single Family Residential","924 Ocean Dr","Oxnard","CA",93035,1035000,3,2,NA,1865,2178,1973,NA,555,NA,NA,NA,NA,"https://www.redfin.com/CA/Oxnard/924-Ocean-Dr-93035/home/4526601",NA,NA,"Y","Y",34.1516165,-119.2175714,"924 Ocean Dr, Oxnard, CA",5868,2.93
"PAST SALE","February-7-2019","Multi-Family (2-4 Unit)","1000 Ocean Dr","Oxnard","CA",93035,1100000,1,4,"Oxnard - Port Hueneme Beaches",NA,2450,1948,NA,NA,NA,"Sold",NA,NA,"https://www.redfin.com/CA/Oxnard/1000-Ocean-Dr-93035/home/4526438","TheMLS","18-409900","Y","Y",34.151768,-119.2177531,"1000 Ocean Dr, Oxnard, CA",0,2.93
"PAST SALE",NA,"Single Family Residential","1124 Ocean Dr","Oxnard","CA",93035,149211,3,3,NA,2312,2178,1985,NA,128,NA,NA,NA,NA,"https://www.redfin.com/CA/Oxnard/1124-Ocean-Dr-93035/home/4526419",NA,NA,"Y","Y",34.1524162,-119.2182575,"1124 Ocean Dr, Oxnard, CA",6944,3.32
"PAST SALE",NA,"Single Family Residential","121 Oxnard Ave","Oxnard","CA",93035,531666,2,1,NA,1443,2613,1972,NA,200,NA,NA,NA,NA,"https://www.redfin.com/CA/Oxnard/121-Oxnard-Ave-93035/home/4527371",NA,NA,"Y","Y",34.1528706,-119.2180496,"121 Oxnard Ave, Oxnard, CA",4194,3.58
"PAST SALE",NA,"Single Family Residential","123 Ventura Ave","Oxnard","CA",93035,696913,3,2,NA,2132,2178,1964,NA,115,NA,NA,NA,NA,"https://www.redfin.com/CA/Oxnard/123-Ventura-Ave-93035/home/4526413",NA,NA,"Y","Y",34.1524275,-119.2176623,"123 Ventura Ave, Oxnard, CA",5985,3.28
"PAST SALE",NA,"Single Family Residential","137 Oxnard Ave","Oxnard","CA",93035,439352,3,3,NA,2442,2613,1940,NA,109,NA,NA,NA,NA,"https://www.redfin.com/CA/Oxnard/137-Oxnard-Ave-93035/home/4527358",NA,NA,"Y","Y",34.1530129,-119.2177417,"137 Oxnard Ave, Oxnard, CA",7645,3.72
"PAST SALE",NA,"Single Family Residential","1308 Ocean Dr","Oxnard","CA",93035,596340,2,3,NA,2268,2178,1980,NA,159,NA,NA,NA,NA,"https://www.redfin.com/CA/Oxnard/1308-Ocean-Dr-93035/home/4527314",NA,NA,"Y","Y",34.1530559,-119.2188587,"1308 Ocean Dr, Oxnard, CA",6277,3.73
"PAST SALE",NA,"Single Family Residential","1324 Ocean Dr","Oxnard","CA",93035,735732,2,4,NA,2880,2178,1989,NA,163,NA,NA,NA,NA,"https://www.redfin.com/CA/Oxnard/1324-Ocean-Dr-93035/home/4527321",NA,NA,"Y","Y",34.1531589,-119.2189415,"1324 Ocean Dr, Oxnard, CA",8776,3.73
"PAST SALE",NA,"Single Family Residential","121 Fillmore Ave","Oxnard","CA",93035,535767,3,2,NA,1202,2178,1958,NA,254,NA,NA,NA,NA,"https://www.redfin.com/CA/Oxnard/121-Fillmore-Ave-93035/home/4527226",NA,NA,"Y","Y",34.1536691,-119.2187789,"121 Fillmore Ave, Oxnard, CA",4548,3.73
"PAST SALE",NA,"Single Family Residential","117 Fillmore Ave","Oxnard","CA",93035,534907,3,2,NA,2155,2178,1979,NA,165,NA,NA,NA,NA,"https://www.redfin.com/CA/Oxnard/117-Fillmore-Ave-93035/home/4527229",NA,NA,"Y","Y",34.1536211,-119.2188763,"117 Fillmore Ave, Oxnard, CA",6020,3.73
"PAST SALE",NA,"Single Family Residential","113 Fillmore Ave","Oxnard","CA",93035,394145,3,2,NA,1344,2178,1976,NA,171,NA,NA,NA,NA,"https://www.redfin.com/CA/Oxnard/113-Fillmore-Ave-93035/home/4527232",NA,NA,"Y","Y",34.1535558,-119.2189791,"113 Fillmore Ave, Oxnard, CA",4946,3.73
"PAST SALE",NA,"Single Family Residential","120 Moorpark Ave","Oxnard","CA",93035,343364,1,2,NA,1392,2178,1971,NA,150,NA,NA,NA,NA,"https://www.redfin.com/CA/Oxnard/120-Moorpark-Ave-93035/home/4527194",NA,NA,"Y","Y",34.1538246,-119.2189253,"120 Moorpark Ave, Oxnard, CA",4573,3.73
"PAST SALE",NA,"Single Family Residential","116 Moorpark Ave","Oxnard","CA",93035,460289,3,NA,NA,2239,2178,1988,NA,33,NA,NA,NA,NA,"https://www.redfin.com/CA/Oxnard/116-Moorpark-Ave-93035/home/4527253",NA,NA,"Y","Y",34.1537489,-119.2190023,"116 Moorpark Ave, Oxnard, CA",0,3.73
"PAST SALE","January-9-2018","Single Family Residential","1408 Ocean Dr","Oxnard","CA",93035,980000,4,2,"VC32 - Oxnard - Port Hueneme Beaches",1417,2450,1970,NA,692,NA,"Sold",NA,NA,"https://www.redfin.com/CA/Oxnard/1408-Ocean-Dr-93035/home/4527242","CRMLS","V0-217013537","Y","Y",34.153457,-119.2192061,"1408 Ocean Dr, Oxnard, CA",5363,3.73
"PAST SALE",NA,"Single Family Residential","1424 Ocean Dr","Oxnard","CA",93035,705000,3,2.5,NA,1807,2450,1958,NA,390,NA,NA,NA,NA,"https://www.redfin.com/CA/Oxnard/1424-Ocean-Dr-93035/home/4527250",NA,NA,"Y","Y",34.1536075,-119.2193537,"1424 Ocean Dr, Oxnard, CA",5789,3.73
"PAST SALE",NA,"Single Family Residential","1508 Ocean Dr","Oxnard","CA",93035,537859,3,3,NA,2609,2178,1987,NA,38,NA,NA,NA,NA,"https://www.redfin.com/CA/Oxnard/1508-Ocean-Dr-93035/home/4527161",NA,NA,"Y","Y",34.1538396,-119.2195694,"1508 Ocean Dr, Oxnard, CA",7906,3.73
"PAST SALE",NA,"Single Family Residential","109 Moorpark Ave","Oxnard","CA",93035,704437,4,2,NA,2202,2178,1978,NA,265,NA,NA,NA,NA,"https://www.redfin.com/CA/Oxnard/109-Moorpark-Ave-93035/home/4527152",NA,NA,"Y","Y",34.1539147,-119.2194331,"109 Moorpark Ave, Oxnard, CA",6568,3.73
"PAST SALE",NA,"Single Family Residential","113 Hueneme Ave","Oxnard","CA",93035,540809,3,2,NA,1340,2178,1970,NA,336,NA,NA,NA,NA,"https://www.redfin.com/CA/Oxnard/113-Hueneme-Ave-93035/home/4526897",NA,NA,"Y","Y",34.1550976,-119.2203867,"113 Hueneme Ave, Oxnard, CA",4860,4.15
"PAST SALE","June-5-2020","Single Family Residential","117 Hueneme Ave","Oxnard","CA",93035,8e+05,2,2,"Silverstrand Beach - 0308",827,2450,1935,NA,967,NA,"Sold",NA,NA,"https://www.redfin.com/CA/Oxnard/117-Hueneme-Ave-93035/home/4526925","CRMLS","V0-220003256","Y","Y",34.1551623,-119.2202957,"117 Hueneme Ave, Oxnard, CA",3904,4.5
"PAST SALE",NA,"Single Family Residential","129 Hueneme Ave","Oxnard","CA",93035,338965,2,2,NA,853,2178,1960,NA,242,NA,NA,NA,NA,"https://www.redfin.com/CA/Oxnard/129-Hueneme-Ave-93035/home/4526890",NA,NA,"Y","Y",34.1553789,-119.2200688,"129 Hueneme Ave, Oxnard, CA",3927,5.41
"PAST SALE",NA,"Single Family Residential","125 Hueneme Ave","Oxnard","CA",93035,342259,3,3,NA,1700,2178,1964,NA,74,NA,NA,NA,NA,"https://www.redfin.com/CA/Oxnard/125-Hueneme-Ave-93035/home/4526895",NA,NA,"Y","Y",34.1553156,-119.2201596,"125 Hueneme Ave, Oxnard, CA",6299,5.27
"PAST SALE",NA,"Single Family Residential","112 Hueneme Ave","Oxnard","CA",93035,453377,3,3,NA,1908,2178,1965,NA,155,NA,NA,NA,NA,"https://www.redfin.com/CA/Oxnard/112-Hueneme-Ave-93035/home/4526933",NA,NA,"Y","Y",34.1548942,-119.2202001,"112 Hueneme Ave, Oxnard, CA",6528,3.95
"PAST SALE",NA,"Single Family Residential","109 Glendale Ave","Oxnard","CA",93035,435773,3,2,NA,1142,2178,1959,NA,258,NA,NA,NA,NA,"https://www.redfin.com/CA/Oxnard/109-Glendale-Ave-93035/home/4526983",NA,NA,"Y","Y",34.1546799,-119.2201394,"109 Glendale Ave, Oxnard, CA",4678,3.74
"PAST SALE","September-11-2019","Single Family Residential","113 Glendale Ave","Oxnard","CA",93035,693500,2,1,"Silverstrand Beach - 1002702",859,2450,1953,NA,807,NA,"Sold",NA,NA,"https://www.redfin.com/CA/Oxnard/113-Glendale-Ave-93035/home/4526979","CRMLS","V0-219008236","Y","Y",34.1547426,-119.2200506,"113 Glendale Ave, Oxnard, CA",3292,3.78
"PAST SALE",NA,"Single Family Residential","1724 Ocean Dr","Oxnard","CA",93035,875000,4,3,NA,2324,2450,1986,NA,377,NA,NA,NA,NA,"https://www.redfin.com/CA/Oxnard/1724-Ocean-Dr-93035/home/4526994",NA,NA,"Y","Y",34.1547679,-119.2204313,"1724 Ocean Dr, Oxnard, CA",7215,3.73
"PAST SALE","August-19-2019","Single Family Residential","1808 Ocean Dr","Oxnard","CA",93035,1195000,4,4,"VC32 - Oxnard - Port Hueneme Beaches",2873,2450,1989,NA,416,NA,"Sold",NA,NA,"https://www.redfin.com/CA/Oxnard/1808-Ocean-Dr-93035/home/4526905","CRMLS","V0-219001518","Y","Y",34.1550268,-119.2206591,"1808 Ocean Dr, Oxnard, CA",6894,3.73
"PAST SALE",NA,"Single Family Residential","1816 Ocean Dr","Oxnard","CA",93035,137849,3,2,NA,2122,2178,NA,NA,6,NA,NA,NA,NA,"https://www.redfin.com/CA/Oxnard/1816-Ocean-Dr-93035/home/4526907",NA,NA,"Y","Y",34.1550987,-119.220734,"1816 Ocean Dr, Oxnard, CA",6035,3.73
"PAST SALE",NA,"Single Family Residential","1824 Ocean Dr","Oxnard","CA",93035,356348,3,3,NA,1923,2178,1975,NA,83,NA,NA,NA,NA,"https://www.redfin.com/CA/Oxnard/1824-Ocean-Dr-93035/home/4526910",NA,NA,"Y","Y",34.1551901,-119.2207953,"1824 Ocean Dr, Oxnard, CA",6528,3.73
"PAST SALE",NA,"Single Family Residential","1916 Ocean Dr","Oxnard","CA",93035,928895,3,3,NA,2225,2178,1976,NA,231,NA,NA,NA,NA,"https://www.redfin.com/CA/Oxnard/1916-Ocean-Dr-93035/home/4526850",NA,NA,"Y","Y",34.1554652,-119.2211132,"1916 Ocean Dr, Oxnard, CA",6965,3.65
"PAST SALE",NA,"Single Family Residential","1900 Ocean Dr","Oxnard","CA",93035,516019,4,2,NA,2187,2178,1970,NA,126,NA,NA,NA,NA,"https://www.redfin.com/CA/Oxnard/1900-Ocean-Dr-93035/home/4526844",NA,NA,"Y","Y",34.1553263,-119.2209754,"1900 Ocean Dr, Oxnard, CA",6487,3.67
"PAST SALE",NA,"Single Family Residential","2120 Ocean Dr","Oxnard","CA",93035,277523,3,2,NA,1344,2439,1962,NA,56,NA,NA,NA,NA,"https://www.redfin.com/CA/Oxnard/2120-Ocean-Dr-93035/home/4528062",NA,NA,"Y","Y",34.1564257,-119.2221575,"2120 Ocean Dr, Oxnard, CA",4881,3.24
"PAST SALE","August-21-2019","Single Family Residential","2110 Ocean Dr","Oxnard","CA",93035,1860000,4,3,"Oxnard - PH Beaches",2716,2450,1989,NA,685,NA,"Sold",NA,NA,"https://www.redfin.com/CA/Oxnard/2110-Ocean-Dr-93035/home/4528070","CSMAR","218014079","Y","Y",34.1562581,-119.2218851,"2110 Ocean Dr, Oxnard, CA",8359,3.21
"PAST SALE",NA,"Single Family Residential","2104 Ocean Dr","Oxnard","CA",93035,440960,2,1,NA,965,2178,1957,NA,244,NA,NA,NA,NA,"https://www.redfin.com/CA/Oxnard/2104-Ocean-Dr-93035/home/4528039",NA,NA,"Y","Y",34.1561258,-119.2218668,"2104 Ocean Dr, Oxnard, CA",3509,3.35
"PAST SALE",NA,"Single Family Residential","152 Highland Dr","Oxnard","CA",93035,899052,4,3,NA,2282,2178,1986,NA,283,NA,NA,NA,NA,"https://www.redfin.com/CA/Oxnard/152-Highland-Dr-93035/home/4527863",NA,NA,"Y","Y",34.1569861,-119.2214417,"152 Highland Dr, Oxnard, CA",7064,2.96
"PAST SALE",NA,"Single Family Residential","2124 Ocean Dr","Oxnard","CA",93035,683331,4,4,NA,3037,2178,2007,NA,58,NA,NA,NA,NA,"https://www.redfin.com/CA/Oxnard/2124-Ocean-Dr-93035/home/4528041",NA,NA,"Y","Y",34.1565817,-119.2221263,"2124 Ocean Dr, Oxnard, CA",8779,3.07
"PAST SALE",NA,"Single Family Residential","125 Malibu Ave","Oxnard","CA",93035,696304,3,3,NA,2245,2178,1986,NA,181,NA,NA,NA,NA,"https://www.redfin.com/CA/Oxnard/125-Malibu-Ave-93035/home/4527845",NA,NA,"Y","Y",34.1569893,-119.2221399,"125 Malibu Ave, Oxnard, CA",6993,2.65
"PAST SALE","March-13-2020","Single Family Residential","105 Malibu Ave","Oxnard","CA",93035,1600000,4,3.5,"VC32 - Oxnard - Port Hueneme Beaches",2826,2826,1989,NA,566,NA,"Sold",NA,NA,"https://www.redfin.com/CA/Oxnard/105-Malibu-Ave-93035/home/4527826","CRMLS","V0-219012318","Y","Y",34.1570037,-119.2228386,"105 Malibu Ave, Oxnard, CA",9247,3.38
"PAST SALE",NA,"Single Family Residential","2505 Ocean Dr","Oxnard","CA",93035,2e+06,3,4,NA,2455,2613,2013,NA,815,NA,NA,NA,NA,"https://www.redfin.com/CA/Oxnard/2505-Ocean-Dr-93035/home/4528085",NA,NA,"Y","Y",34.1574945,-119.223764,"2505 Ocean Dr, Oxnard, CA",9267,3.11
"PAST SALE",NA,"Single Family Residential","2425 Ocean Dr","Oxnard","CA",93035,950000,3,3,NA,2615,2613,1990,NA,363,NA,NA,NA,NA,"https://www.redfin.com/CA/Oxnard/2425-Ocean-Dr-93035/home/4528091",NA,NA,"Y","Y",34.1573396,-119.2237131,"2425 Ocean Dr, Oxnard, CA",8364,3.48
"PAST SALE",NA,"Single Family Residential","2409 Ocean Dr","Oxnard","CA",93035,1762000,3,2,NA,2094,2613,1931,NA,841,NA,NA,NA,NA,"https://www.redfin.com/CA/Oxnard/2409-Ocean-Dr-93035/home/4528098",NA,NA,"Y","Y",34.1571814,-119.223569,"2409 Ocean Dr, Oxnard, CA",6246,3.72
"PAST SALE",NA,"Single Family Residential","2201 Ocean Dr","Oxnard","CA",93035,180158,2,2,NA,2045,2178,1957,NA,37,NA,NA,NA,NA,"https://www.redfin.com/CA/Oxnard/2201-Ocean-Dr-93035/home/4528110",NA,NA,"Y","Y",34.1569595,-119.2233259,"2201 Ocean Dr, Oxnard, CA",5797,3.73
"PAST SALE",NA,"Single Family Residential","2175 Ocean Dr","Oxnard","CA",93035,265306,2,2,NA,1288,3484,1972,NA,62,NA,NA,NA,NA,"https://www.redfin.com/CA/Oxnard/2175-Ocean-Dr-93035/home/4528244",NA,NA,"Y","Y",34.1568342,-119.2233381,"2175 Ocean Dr, Oxnard, CA",4680,3.73
"PAST SALE",NA,"Single Family Residential","2149 Ocean Dr","Oxnard","CA",93035,2e+06,4,4,NA,3366,2178,2006,NA,594,NA,NA,NA,NA,"https://www.redfin.com/CA/Oxnard/2149-Ocean-Dr-93035/home/4528111",NA,NA,"Y","Y",34.1565848,-119.2230348,"2149 Ocean Dr, Oxnard, CA",9527,3.72
"PAST SALE",NA,"Single Family Residential","2137 Ocean Dr","Oxnard","CA",93035,1988448,3,3,NA,2360,2178,1958,NA,175,NA,NA,NA,NA,"https://www.redfin.com/CA/Oxnard/2137-Ocean-Dr-93035/home/4528125",NA,NA,"Y","Y",34.1564094,-119.2227588,"2137 Ocean Dr, Oxnard, CA",7383,3.63
"PAST SALE","August-23-2018","Single Family Residential","2129 Ocean Dr","Oxnard","CA",93035,3200000,4,4,"OXSS - Silver Strand",3408,2550,2006,NA,939,NA,"Sold",NA,NA,"https://www.redfin.com/CA/Oxnard/2129-Ocean-Dr-93035/home/4528254","CRMLS","PW18130492","Y","Y",34.156312,-119.2227478,"2129 Ocean Dr, Oxnard, CA",9768,3.7
"PAST SALE","February-11-2020","Single Family Residential","2117 Ocean Dr","Oxnard","CA",93035,2402500,3,3,"Silverstrand Beach - 0308",2120,2550,1999,NA,1133,NA,"Sold",NA,NA,"https://www.redfin.com/CA/Oxnard/2117-Ocean-Dr-93035/home/4528140","CRMLS","V0-219012857","Y","Y",34.156037,-119.22243,"2117 Ocean Dr, Oxnard, CA",7287,3.65
"PAST SALE",NA,"Single Family Residential","2113 Ocean Dr","Oxnard","CA",93035,1350000,4,2.5,NA,2562,2178,1928,NA,527,NA,NA,NA,NA,"https://www.redfin.com/CA/Oxnard/2113-Ocean-Dr-93035/home/4528145",NA,NA,"Y","Y",34.1559603,-119.2223568,"2113 Ocean Dr, Oxnard, CA",8317,3.65
"PAST SALE",NA,"Single Family Residential","2105 Ocean Dr","Oxnard","CA",93035,1454081,3,4,NA,2804,2178,1999,NA,121,NA,NA,NA,NA,"https://www.redfin.com/CA/Oxnard/2105-Ocean-Dr-93035/home/4528155",NA,NA,"Y","Y",34.155827,-119.2222098,"2105 Ocean Dr, Oxnard, CA",9204,3.67
"PAST SALE","September-12-2019","Single Family Residential","2101 Ocean Dr","Oxnard","CA",93035,2450000,4,3,"VC32 - Oxnard - Port Hueneme Beaches",2005,NA,1940,NA,1222,NA,"Sold",NA,NA,"https://www.redfin.com/CA/Oxnard/2101-Ocean-Dr-93035/home/4528160","CRMLS","219000886","Y","Y",34.1557678,-119.2221235,"2101 Ocean Dr, Oxnard, CA",6140,3.69
"PAST SALE","October-11-2018","Single Family Residential","2001 Ocean Dr","Oxnard","CA",93035,1910000,2,1,"Silverstrand Beach - 0308",1319,2550,1935,NA,1448,NA,"Sold",NA,NA,"https://www.redfin.com/CA/Oxnard/2001-Ocean-Dr-93035/home/4528182","CRMLS","V0-218010877","Y","Y",34.1553969,-119.2217015,"2001 Ocean Dr, Oxnard, CA",4164,3.64
"PAST SALE",NA,"Single Family Residential","1913 Ocean Dr","Oxnard","CA",93035,842176,2,2,NA,2553,2613,1978,NA,172,NA,NA,NA,NA,"https://www.redfin.com/CA/Oxnard/1913-Ocean-Dr-93035/home/4527504",NA,NA,"Y","Y",34.1551721,-119.2214764,"1913 Ocean Dr, Oxnard, CA",6657,3.73
"PAST SALE",NA,"Single Family Residential","1805 Ocean Dr","Oxnard","CA",93035,1037733,1,4,NA,3412,2613,1999,NA,104,NA,NA,NA,NA,"https://www.redfin.com/CA/Oxnard/1805-Ocean-Dr-93035/home/4527555",NA,NA,"Y","Y",34.1547153,-119.2210524,"1805 Ocean Dr, Oxnard, CA",7457,3.73
"PAST SALE","September-28-2018","Single Family Residential","1617 Ocean Dr","Oxnard","CA",93035,2985000,4,3,"Oxnard",3148,NA,1986,NA,948,NA,"Sold",NA,NA,"https://www.redfin.com/CA/Oxnard/1617-Ocean-Dr-93035/home/4527437","SBMLS","18-2779","Y","Y",34.1540805,-119.2204775,"1617 Ocean Dr, Oxnard, CA",8567,3.73
"PAST SALE",NA,"Single Family Residential","1613 Ocean Dr","Oxnard","CA",93035,2974000,3,3,NA,2285,2178,1981,NA,1302,NA,NA,NA,NA,"https://www.redfin.com/CA/Oxnard/1613-Ocean-Dr-93035/home/4527443",NA,NA,"Y","Y",34.1539321,-119.2203375,"1613 Ocean Dr, Oxnard, CA",7501,3.73
"PAST SALE","August-6-2019","Single Family Residential","1605 Ocean Dr","Oxnard","CA",93035,2150000,5,3,"Silverstrand Beach - 0308",2048,2550,1965,NA,1050,NA,"Sold",NA,NA,"https://www.redfin.com/CA/Oxnard/1605-Ocean-Dr-93035/home/4527447","CRMLS","V0-219006576","Y","Y",34.1539095,-119.2203332,"1605 Ocean Dr, Oxnard, CA",7715,3.73
"PAST SALE",NA,"Single Family Residential","1601 Ocean Dr","Oxnard","CA",93035,725000,3,4,NA,3008,2178,2006,NA,241,NA,NA,NA,NA,"https://www.redfin.com/CA/Oxnard/1601-Ocean-Dr-93035/home/12131886",NA,NA,"Y","Y",34.1538613,-119.2202505,"1601 Ocean Dr, Oxnard, CA",8686,3.73
"PAST SALE",NA,"Single Family Residential","1525 Ocean Dr","Oxnard","CA",93035,870000,3,3,NA,2362,2178,1977,NA,368,NA,NA,NA,NA,"https://www.redfin.com/CA/Oxnard/1525-Ocean-Dr-93035/home/4527498",NA,NA,"Y","Y",34.1537579,-119.2201736,"1525 Ocean Dr, Oxnard, CA",7094,3.73
"PAST SALE","May-27-2020","Single Family Residential","1505 Ocean Dr","Oxnard","CA",93035,1400000,4,2,"VC32 - Oxnard - Port Hueneme Beaches",3226,2550,1960,NA,434,NA,"Sold",NA,NA,"https://www.redfin.com/CA/Oxnard/1505-Ocean-Dr-93035/home/4527456","CRMLS","V0-220002144","Y","Y",34.15356,-119.2199376,"1505 Ocean Dr, Oxnard, CA",8260,3.73
"PAST SALE",NA,"Single Family Residential","1501 Ocean Dr","Oxnard","CA",93035,1050000,3,3,NA,2099,2178,1981,NA,500,NA,NA,NA,NA,"https://www.redfin.com/CA/Oxnard/1501-Ocean-Dr-93035/home/4527462",NA,NA,"Y","Y",34.1534788,-119.2198872,"1501 Ocean Dr, Oxnard, CA",7294,3.73
"PAST SALE",NA,"Single Family Residential","1425 Ocean Dr","Oxnard","CA",93035,650000,3,3,NA,2247,2178,1978,NA,289,NA,NA,NA,NA,"https://www.redfin.com/CA/Oxnard/1425-Ocean-Dr-93035/home/4527530",NA,NA,"Y","Y",34.1533639,-119.2198107,"1425 Ocean Dr, Oxnard, CA",7322,3.73
"PAST SALE",NA,"Single Family Residential","1413 Ocean Dr","Oxnard","CA",93035,1290000,3,3,NA,3253,2178,1991,NA,397,NA,NA,NA,NA,"https://www.redfin.com/CA/Oxnard/1413-Ocean-Dr-93035/home/4527465",NA,NA,"Y","Y",34.1532195,-119.2196799,"1413 Ocean Dr, Oxnard, CA",8500,3.73
"PAST SALE",NA,"Single Family Residential","1316 Ocean Dr","Oxnard","CA",93035,1595000,4,4,NA,2873,2178,2005,NA,555,NA,NA,NA,NA,"https://www.redfin.com/CA/Oxnard/1316-Ocean-Dr-93035/home/4527318",NA,NA,"Y","Y",34.15298604,-119.2191871,"1316 Ocean Dr, Oxnard, CA",9270,3.73
"PAST SALE",NA,"Single Family Residential","1325 Ocean Dr","Oxnard","CA",93035,727327,5,2,NA,2184,2178,1972,NA,174,NA,NA,NA,NA,"https://www.redfin.com/CA/Oxnard/1325-Ocean-Dr-93035/home/4527514",NA,NA,"Y","Y",34.1529717,-119.219462,"1325 Ocean Dr, Oxnard, CA",6527,3.73
"PAST SALE","January-24-2019","Single Family Residential","1317 Ocean Dr","Oxnard","CA",93035,2050000,3,3.5,"Silverstrand Beach - 0308",2263,2550,1976,NA,906,NA,"Sold",NA,NA,"https://www.redfin.com/CA/Oxnard/1317-Ocean-Dr-93035/home/4527508","CRMLS","V0-218013983","Y","Y",34.1529064,-119.2193854,"1317 Ocean Dr, Oxnard, CA",6854,3.73
"PAST SALE",NA,"Single Family Residential","1313 Ocean Dr","Oxnard","CA",93035,858000,2,3,NA,1629,1873,1988,NA,527,NA,NA,NA,NA,"https://www.redfin.com/CA/Oxnard/1313-Ocean-Dr-93035/home/4527535",NA,NA,"Y","Y",34.1528417,-119.2193302,"1313 Ocean Dr, Oxnard, CA",5812,3.73
"PAST SALE",NA,"Single Family Residential","1116 Ocean Dr","Oxnard","CA",93035,211119,2,1,NA,976,2178,1930,NA,94,NA,NA,NA,NA,"https://www.redfin.com/CA/Oxnard/1116-Ocean-Dr-93035/home/4526418",NA,NA,"Y","Y",34.1522508,-119.218531,"1116 Ocean Dr, Oxnard, CA",3470,2.89
"PAST SALE",NA,"Single Family Residential","1201 Ocean Dr","Oxnard","CA",93035,865000,4,2,NA,2121,2178,1960,NA,408,NA,NA,NA,NA,"https://www.redfin.com/CA/Oxnard/1201-Ocean-Dr-93035/home/4527486",NA,NA,"Y","Y",34.1522953,-119.2188081,"1201 Ocean Dr, Oxnard, CA",6552,3.44
"PAST SALE","May-25-2018","Single Family Residential","1125 Ocean Dr","Oxnard","CA",93035,1700000,4,2.5,"Silverstrand Beach - 0308",1380,2183,1957,NA,1232,NA,"Sold",NA,NA,"https://www.redfin.com/CA/Oxnard/1125-Ocean-Dr-93035/home/4526743","CRMLS","V0-217011876","Y","Y",34.1522027,-119.2187265,"1125 Ocean Dr, Oxnard, CA",8954,3.72
"PAST SALE","November-6-2018","Single Family Residential","1117 Ocean Dr","Oxnard","CA",93035,2900000,3,3,"Oxnard - PH Beaches",2916,2674,1990,NA,995,NA,"Sold",NA,NA,"https://www.redfin.com/CA/Oxnard/1117-Ocean-Dr-93035/home/4526800","CSMAR","218004405","Y","Y",34.1521263,-119.218673,"1117 Ocean Dr, Oxnard, CA",8407,3.57
"PAST SALE",NA,"Single Family Residential","1113 Ocean Dr","Oxnard","CA",93035,1499359,4,6,NA,2195,2178,2014,NA,68,NA,NA,NA,NA,"https://www.redfin.com/CA/Oxnard/1113-Ocean-Dr-93035/home/4526797",NA,NA,"Y","Y",34.1520426,-119.2186033,"1113 Ocean Dr, Oxnard, CA",8043,3.51
"PAST SALE",NA,"Single Family Residential","1105 Ocean Dr","Oxnard","CA",93035,2375000,3,3,NA,2065,2178,1981,NA,1150,NA,NA,NA,NA,"https://www.redfin.com/CA/Oxnard/1105-Ocean-Dr-93035/home/4526745",NA,NA,"Y","Y",34.1519648,-119.2185364,"1105 Ocean Dr, Oxnard, CA",7144,3.77
"PAST SALE",NA,"Single Family Residential","1025 Ocean Dr","Oxnard","CA",93035,141710,4,2,NA,1312,2178,1974,NA,17,NA,NA,NA,NA,"https://www.redfin.com/CA/Oxnard/1025-Ocean-Dr-93035/home/4526749",NA,NA,"Y","Y",34.1517745,-119.2184213,"1025 Ocean Dr, Oxnard, CA",4863,3.72
"PAST SALE",NA,"Single Family Residential","1017 Ocean Dr","Oxnard","CA",93035,665000,2,2,NA,1969,2178,NA,NA,338,NA,NA,NA,NA,"https://www.redfin.com/CA/Oxnard/1017-Ocean-Dr-93035/home/4526750",NA,NA,"Y","Y",34.1517119,-119.2183401,"1017 Ocean Dr, Oxnard, CA",5993,3.74
"PAST SALE",NA,"Single Family Residential","1001 Ocean Dr","Oxnard","CA",93035,743495,4,NA,NA,3263,2178,1986,NA,23,NA,NA,NA,NA,"https://www.redfin.com/CA/Oxnard/1001-Ocean-Dr-93035/home/4526757",NA,NA,"Y","Y",34.1515019,-119.2181107,"1001 Ocean Dr, Oxnard, CA",0,3.8
"PAST SALE",NA,"Single Family Residential","925 Ocean Dr","Oxnard","CA",93035,331513,4,4,NA,2584,2178,1970,NA,24,NA,NA,NA,NA,"https://www.redfin.com/CA/Oxnard/925-Ocean-Dr-93035/home/4526759",NA,NA,"Y","Y",34.1513793,-119.2180255,"925 Ocean Dr, Oxnard, CA",8699,3.28
"PAST SALE",NA,"Single Family Residential","905 Ocean Dr","Oxnard","CA",93035,182923,3,3,NA,1465,2178,NA,NA,27,NA,NA,NA,NA,"https://www.redfin.com/CA/Oxnard/905-Ocean-Dr-93035/home/4526762",NA,NA,"Y","Y",34.1511364,-119.2178893,"905 Ocean Dr, Oxnard, CA",5878,3.3
"PAST SALE",NA,"Single Family Residential","813 Ocean Dr","Oxnard","CA",93035,1650000,4,3,NA,1792,2178,1961,NA,921,NA,NA,NA,NA,"https://www.redfin.com/CA/Oxnard/813-Ocean-Dr-93035/home/4526770",NA,NA,"Y","Y",34.150854,-119.2175494,"813 Ocean Dr, Oxnard, CA",6679,3.86
"PAST SALE",NA,"Single Family Residential","805 Ocean Dr","Oxnard","CA",93035,878410,4,2,NA,1734,2178,1947,NA,215,NA,NA,NA,NA,"https://www.redfin.com/CA/Oxnard/805-Ocean-Dr-93035/home/4526774",NA,NA,"Y","Y",34.1507615,-119.2175042,"805 Ocean Dr, Oxnard, CA",5927,3.99
"PAST SALE","April-1-2019","Single Family Residential","725 Ocean Dr","Oxnard","CA",93035,2035000,3,4,"VC32 - Oxnard - Port Hueneme Beaches",2212,2550,1975,NA,920,NA,"Sold",NA,NA,"https://www.redfin.com/CA/Oxnard/725-Ocean-Dr-93035/home/4526780","CRMLS","V0-218007581","Y","Y",34.1505766,-119.2173656,"725 Ocean Dr, Oxnard, CA",8384,3.87
"PAST SALE",NA,"Single Family Residential","705 Ocean Dr","Oxnard","CA",93035,3750000,3,5,NA,2934,2178,2005,NA,1278,NA,NA,NA,NA,"https://www.redfin.com/CA/Oxnard/705-Ocean-Dr-93035/home/4526787",NA,NA,"Y","Y",34.150337,-119.21717,"705 Ocean Dr, Oxnard, CA",9449,3.85
"PAST SALE",NA,"Multi-Family (2-4 Unit)","701 Ocean Dr","Oxnard","CA",93035,170918,NA,NA,NA,2446,2178,1975,NA,10,NA,NA,NA,NA,"https://www.redfin.com/CA/Oxnard/701-Ocean-Dr-93035/home/4526789",NA,NA,"Y","Y",34.1502534,-119.2171085,"701 Ocean Dr, Oxnard, CA",0,3.86
"PAST SALE",NA,"Single Family Residential","625 Ocean Dr","Oxnard","CA",93035,880459,2,2,NA,2311,2178,1978,NA,199,NA,NA,NA,NA,"https://www.redfin.com/CA/Oxnard/625-Ocean-Dr-93035/home/4526373",NA,NA,"Y","Y",34.1501728,-119.2170251,"625 Ocean Dr, Oxnard, CA",6174,3.84
"PAST SALE",NA,"Single Family Residential","617 Ocean Dr","Oxnard","CA",93035,1490000,3,4,NA,3516,2178,1988,NA,424,NA,NA,NA,NA,"https://www.redfin.com/CA/Oxnard/617-Ocean-Dr-93035/home/4526374",NA,NA,"Y","Y",34.1500914,-119.2169657,"617 Ocean Dr, Oxnard, CA",9613,3.83
"PAST SALE",NA,"Single Family Residential","605 Ocean Dr","Oxnard","CA",93035,1300000,2,1,NA,812,2178,1938,NA,1601,NA,NA,NA,NA,"https://www.redfin.com/CA/Oxnard/605-Ocean-Dr-93035/home/4526376",NA,NA,"Y","Y",34.1499713,-119.2167971,"605 Ocean Dr, Oxnard, CA",3358,3.82
"PAST SALE",NA,"Single Family Residential","601 Ocean Dr","Oxnard","CA",93035,836461,3,2,NA,2590,2178,NA,NA,122,NA,NA,NA,NA,"https://www.redfin.com/CA/Oxnard/601-Ocean-Dr-93035/home/4526377",NA,NA,"Y","Y",34.149885,-119.2167404,"601 Ocean Dr, Oxnard, CA",6722,3.82
"PAST SALE",NA,"Single Family Residential","525 Ocean Dr","Oxnard","CA",93035,653195,1,1,NA,570,2613,1938,NA,746,NA,NA,NA,NA,"https://www.redfin.com/CA/Oxnard/525-Ocean-Dr-93035/home/4526378",NA,NA,"Y","Y",34.1497954,-119.2166354,"525 Ocean Dr, Oxnard, CA",2677,3.79
"PAST SALE",NA,"Single Family Residential","513 Ocean Dr","Oxnard","CA",93035,940000,5,5,NA,3690,3049,1985,NA,255,NA,NA,NA,NA,"https://www.redfin.com/CA/Oxnard/513-Ocean-Dr-93035/home/4526379",NA,NA,"Y","Y",34.1496232,-119.216528,"513 Ocean Dr, Oxnard, CA",9345,3.75
"PAST SALE",NA,"Multi-Family (2-4 Unit)","501 Ocean Dr","Oxnard","CA",93035,1093882,NA,NA,NA,3161,3049,1977,NA,170,NA,NA,NA,NA,"https://www.redfin.com/CA/Oxnard/501-Ocean-Dr-93035/home/4526381",NA,NA,"Y","Y",34.1494911,-119.2163733,"501 Ocean Dr, Oxnard, CA",0,3.69
"PAST SALE",NA,"Single Family Residential","435 Ocean Dr","Oxnard","CA",93035,836371,3,3,NA,3092,2178,1987,NA,162,NA,NA,NA,NA,"https://www.redfin.com/CA/Oxnard/435-Ocean-Dr-93035/home/4526382",NA,NA,"Y","Y",34.1493799,-119.2163147,"435 Ocean Dr, Oxnard, CA",8320,3.61
"PAST SALE",NA,"Single Family Residential","433 Ocean Dr","Oxnard","CA",93035,324301,4,3,NA,2860,2178,1978,NA,21,NA,NA,NA,NA,"https://www.redfin.com/CA/Oxnard/433-Ocean-Dr-93035/home/4526394",NA,NA,"Y","Y",34.1493273,-119.2162685,"433 Ocean Dr, Oxnard, CA",8205,3.58
"PAST SALE",NA,"Single Family Residential","401 Ocean Dr","Oxnard","CA",93035,731809,3,2,NA,1838,2178,1978,NA,212,NA,NA,NA,NA,"https://www.redfin.com/CA/Oxnard/401-Ocean-Dr-93035/home/4526386",NA,NA,"Y","Y",34.1490765,-119.2160276,"401 Ocean Dr, Oxnard, CA",5768,3.39
"PAST SALE","March-29-2018","Single Family Residential","320 Ocean Dr","Oxnard","CA",93035,665000,3,3,"Silverstrand Beach - 0308",2125,1400,1974,NA,313,NA,"Sold",NA,NA,"https://www.redfin.com/CA/Oxnard/320-Ocean-Dr-93035/home/4526314","CRMLS","V0-217010669","Y","Y",34.1490748301028,-119.21577980741,"320 Ocean Dr, Oxnard, CA",6232,3.35
"PAST SALE",NA,"Single Family Residential","321 Ocean Dr","Oxnard","CA",93035,675000,4,3,NA,2047,2178,1977,NA,330,NA,NA,NA,NA,"https://www.redfin.com/CA/Oxnard/321-Ocean-Dr-93035/home/4526396",NA,NA,"Y","Y",34.1489193,-119.2159402,"321 Ocean Dr, Oxnard, CA",6844,3.36
"PAST SALE",NA,"Condo/Co-op","317 Ocean Dr","Oxnard","CA",93035,691030,4,4,NA,1865,NA,1977,NA,214,NA,NA,NA,NA,"https://www.redfin.com/CA/Oxnard/317-Ocean-Dr-93035/home/4529354",NA,NA,"Y","Y",34.1488339,-119.2159221,"317 Ocean Dr, Oxnard, CA",4291,3.34
"PAST SALE",NA,"Single Family Residential","309 Ocean Dr","Oxnard","CA",93035,225723,4,3,NA,2047,2178,1977,NA,47,NA,NA,NA,NA,"https://www.redfin.com/CA/Oxnard/309-Ocean-Dr-93035/home/4526398",NA,NA,"Y","Y",34.1487392,-119.2158346,"309 Ocean Dr, Oxnard, CA",6640,3.43
"PAST SALE",NA,"Single Family Residential","301 Ocean Dr","Oxnard","CA",93035,1075000,3,4,NA,2362,2178,1982,NA,455,NA,NA,NA,NA,"https://www.redfin.com/CA/Oxnard/301-Ocean-Dr-93035/home/4526387",NA,NA,"Y","Y",34.1486784,-119.2157286,"301 Ocean Dr, Oxnard, CA",8009,3.55
"PAST SALE","December-23-2019","Single Family Residential","215 Ocean Dr","Oxnard","CA",93035,2400000,6,4,"Silverstrand Beach - 0308",3351,2500,1988,NA,716,NA,"Sold",NA,NA,"https://www.redfin.com/CA/Oxnard/215-Ocean-Dr-93035/home/4526392","CRMLS","V0-219011448","Y","Y",34.1484394,-119.2155735,"215 Ocean Dr, Oxnard, CA",9851,3.67
"PAST SALE",NA,"Single Family Residential","87 Santa Monica Ave","Oxnard","CA",93035,653600,3,3,NA,1346,1306,1980,NA,228,NA,NA,NA,NA,"https://www.redfin.com/CA/Oxnard/87-Santa-Monica-Ave-93035/home/4526389",NA,NA,"Y","Y",34.1483287,-119.2154259,"87 Santa Monica Ave, Oxnard, CA",5736,3.47
"PAST SALE",NA,"Single Family Residential","121 Ocean Dr","Oxnard","CA",93035,960590,5,3,NA,3018,2613,1974,NA,207,NA,NA,NA,NA,"https://www.redfin.com/CA/Oxnard/121-Ocean-Dr-93035/home/4526393",NA,NA,"Y","Y",34.1481111,-119.2152493,"121 Ocean Dr, Oxnard, CA",8795,3.54
"PAST SALE","June-30-2020","Single Family Residential","101 Ocean Dr","Oxnard","CA",93035,2494000,4,4,"VC32 - Oxnard - Port Hueneme Beaches",3700,3000,2005,NA,674,NA,"Sold",NA,NA,"https://www.redfin.com/CA/Oxnard/101-Ocean-Dr-93035/home/12131882","CRMLS","220000825","Y","Y",34.1478655,-119.2150286,"101 Ocean Dr, Oxnard, CA",9598,3.4
"PAST SALE",NA,"Single Family Residential","145 Anacapa Ave","Oxnard","CA",93035,519382,3,2,NA,1464,2178,1970,NA,171,NA,NA,NA,NA,"https://www.redfin.com/CA/Oxnard/145-Anacapa-Ave-93035/home/4527580",NA,NA,"Y","Y",34.158341,-119.2224859,"145 Anacapa Ave, Oxnard, CA",5217,1.69
"PAST SALE","July-8-2020","Single Family Residential","141 Anacapa Ave","Oxnard","CA",93035,1180000,3,3.5,"Silverstrand Beach - 0308",2009,2450,1980,NA,587,NA,"Sold",NA,NA,"https://www.redfin.com/CA/Oxnard/141-Anacapa-Ave-93035/home/4527586","CRMLS","V0-219010743","Y","Y",34.1582825,-119.2225777,"141 Anacapa Ave, Oxnard, CA",6886,1.66
"PAST SALE",NA,"Single Family Residential","133 Anacapa Ave","Oxnard","CA",93035,732000,3,2,NA,1982,2178,1973,NA,369,NA,NA,NA,NA,"https://www.redfin.com/CA/Oxnard/133-Anacapa-Ave-93035/home/4527592",NA,NA,"Y","Y",34.1582077,-119.2227932,"133 Anacapa Ave, Oxnard, CA",5882,1.72
"PAST SALE",NA,"Single Family Residential","129 Anacapa Ave","Oxnard","CA",93035,125951,3,2,NA,1361,2178,NA,NA,16,NA,NA,NA,NA,"https://www.redfin.com/CA/Oxnard/129-Anacapa-Ave-93035/home/4527596",NA,NA,"Y","Y",34.1581363,-119.2228811,"129 Anacapa Ave, Oxnard, CA",4982,1.87
"PAST SALE",NA,"Single Family Residential","125 Anacapa Ave","Oxnard","CA",93035,689000,3,2,NA,1345,2178,1970,NA,512,NA,NA,NA,NA,"https://www.redfin.com/CA/Oxnard/125-Anacapa-Ave-93035/home/4527600",NA,NA,"Y","Y",34.1580624,-119.222955,"125 Anacapa Ave, Oxnard, CA",5003,2.31
"PAST SALE",NA,"Single Family Residential","113 Anacapa Ave","Oxnard","CA",93035,1150000,3,4,NA,2512,2178,1986,NA,458,NA,NA,NA,NA,"https://www.redfin.com/CA/Oxnard/113-Anacapa-Ave-93035/home/4527609",NA,NA,"Y","Y",34.1579023,-119.2232536,"113 Anacapa Ave, Oxnard, CA",8502,2.94
"PAST SALE",NA,"Single Family Residential","109 Anacapa Ave","Oxnard","CA",93035,731975,4,3,NA,2854,2395,2006,NA,60,NA,NA,NA,NA,"https://www.redfin.com/CA/Oxnard/109-Anacapa-Ave-93035/home/4527614",NA,NA,"Y","Y",34.1578277,-119.2233381,"109 Anacapa Ave, Oxnard, CA",7833,3.24
"PAST SALE",NA,"Single Family Residential","2520 Ocean Dr","Oxnard","CA",93035,346262,3,3,NA,2222,2613,1981,NA,50,NA,NA,NA,NA,"https://www.redfin.com/CA/Oxnard/2520-Ocean-Dr-93035/home/4527628",NA,NA,"Y","Y",34.1578879,-119.2235651,"2520 Ocean Dr, Oxnard, CA",6839,2.99
"PAST SALE","November-16-2018","Single Family Residential","136 San Nicholas Ave","Oxnard","CA",93035,2100000,4,3.5,"Silverstrand Beach - 0308",2890,2450,2005,NA,727,NA,"Sold",NA,NA,"https://www.redfin.com/CA/Oxnard/136-San-Nicholas-Ave-93035/home/4527566","CRMLS","V0-218012775","Y","Y",34.1583621,-119.2227881,"136 San Nicholas Ave, Oxnard, CA",9107,1.52
"MLS Listing",NA,"Single Family Residential","300 Melrose Dr","Oxnard","CA",93035,1260000,3,3,"Hollywood By The Sea - 0303",1805,1742,1983,19,698,NA,"Active",NA,NA,"https://www.redfin.com/CA/Oxnard/300-Melrose-Dr-93035/home/4529869","CSMAR","225003073","N","Y",34.158457,-119.2197852,"300 Melrose Dr, Oxnard, CA",0,3.31
"MLS Listing",NA,"Single Family Residential","381 Highland Dr","Oxnard","CA",93035,1264275,3,3,"VC32 - Oxnard - Port Hueneme Beaches",1873,1750,1988,1,675,NA,"Active",NA,NA,"https://www.redfin.com/CA/Oxnard/381-Highland-Dr-93035/home/4529568","CRMLS","V1-30980","N","Y",34.1572878,-119.2168501,"381 Highland Dr, Oxnard, CA",0,3.15
"MLS Listing",NA,"Single Family Residential","280 Rossmore Dr","Oxnard","CA",93035,1195000,4,2,"Hollywood By The Sea - 0303",1244,3484,1956,3,961,NA,"Active",NA,NA,"https://www.redfin.com/CA/Oxnard/280-Rossmore-Dr-93035/home/4529953","CRMLS","V1-30940","N","Y",34.1579575,-119.2197462,"280 Rossmore Dr, Oxnard, CA",0,4.21
"MLS Listing",NA,"Single Family Residential","129 Oxnard Ave","Oxnard","CA",93035,1374900,3,2,"OXSS - Silver Strand",1026,2613,1959,10,1340,NA,"Active",NA,NA,"https://www.redfin.com/CA/Oxnard/129-Oxnard-Ave-93035/home/4527363","CRMLS","SR25144727","N","Y",34.1529472,-119.2177718,"129 Oxnard Ave, Oxnard, CA",0,3.72
"MLS Listing",NA,"Single Family Residential","1624 Ocean Dr","Oxnard","CA",93035,1399000,2,1.5,"Silverstrand Beach - 0308",986,2450,1948,12,1419,NA,"Active",NA,NA,"https://www.redfin.com/CA/Oxnard/1624-Ocean-Dr-93035/home/4527081","CRMLS","V1-30807","N","Y",34.1543677,-119.2201014,"1624 Ocean Dr, Oxnard, CA",0,3.73
"MLS Listing",NA,"Single Family Residential","2408 Ocean Dr","Oxnard","CA",93035,2495000,4,3.5,"OXSS - Silver Strand",2725,2613,1987,21,916,NA,"Active",NA,NA,"https://www.redfin.com/CA/Oxnard/2408-Ocean-Dr-93035/home/4527737","CRMLS","SR25135368","N","Y",34.1573851,-119.2231898,"2408 Ocean Dr, Oxnard, CA",0,3.58
"MLS Listing",NA,"Single Family Residential","2133 Ocean Dr","Oxnard","CA",93035,4495000,4,3.5,"VC32 - Oxnard - Port Hueneme Beaches",3335,2178,2004,36,1348,NA,"Active",NA,NA,"https://www.redfin.com/CA/Oxnard/2133-Ocean-Dr-93035/home/4349467","CRMLS","SR25120266","N","Y",34.1563625,-119.2226925,"2133 Ocean Dr, Oxnard, CA",0,3.65
"MLS Listing",NA,"Multi-Family (2-4 Unit)","2924 Lakeshore Ct","Oxnard","CA",93035,2499000,5,5,"Hollywood By The Sea - 0303",2390,2613,1961,41,1046,NA,"Active",NA,NA,"https://www.redfin.com/CA/Oxnard/2924-Lakeshore-Ct-93035/home/4528354","CRMLS","V1-30166","N","Y",34.1605347,-119.2212494,"2924 Lakeshore Ct, Oxnard, CA",0,2.33
"MLS Listing",NA,"Single Family Residential","256 Melrose Dr","Oxnard","CA",93035,1499000,3,2.5,"Hollywood By The Sea - 0303",1347,2880,1960,53,1113,NA,"Active",NA,NA,"https://www.redfin.com/CA/Oxnard/256-Melrose-Dr-93035/home/4529848","CRMLS","V1-29992","N","Y",34.158486,-119.2206948,"256 Melrose Dr, Oxnard, CA",0,3.54
"MLS Listing",NA,"Multi-Family (2-4 Unit)","152 Los Angeles Ave","Oxnard","CA",93035,1499000,6,3,"Silverstrand Beach - 0308",2112,2450,1975,53,710,NA,"Active",NA,NA,"https://www.redfin.com/CA/Oxnard/152-Los-Angeles-Ave-93035/home/4526328","CRMLS","V1-29958","N","Y",34.1494323,-119.2138934,"152 Los Angeles Ave, Oxnard, CA",0,3.64
"MLS Listing",NA,"Single Family Residential","325 Ocean Dr","Oxnard","CA",93035,3295000,5,3,"Silverstrand Beach - 0308",2476,2500,1978,59,1331,NA,"Active",NA,NA,"https://www.redfin.com/CA/Oxnard/325-Ocean-Dr-93035/home/4526391","CRMLS","V1-29858","N","Y",34.148982,-119.2159708,"325 Ocean Dr, Oxnard, CA",0,3.34
"MLS Listing",NA,"Single Family Residential","328 Highland Dr","Oxnard","CA",93035,969000,3,2,"Silverstrand Beach - 0308",1384,1742,1978,61,700,NA,"Active",NA,NA,"https://www.redfin.com/CA/Oxnard/328-Highland-Dr-93035/home/4529639","CRMLS","V1-29835","N","Y",34.1569667,-119.2179347,"328 Highland Dr, Oxnard, CA",0,3.71
"MLS Listing",NA,"Single Family Residential","333 Highland Dr","Oxnard","CA",93035,1375000,3,2,"Hollywood By The Sea - 0303",1624,1742,1978,68,847,NA,"Active",NA,NA,"https://www.redfin.com/CA/Oxnard/333-Highland-Dr-93035/home/4529583","CRMLS","V1-29661","N","Y",34.1572685,-119.2178439,"333 Highland Dr, Oxnard, CA",0,3.72
"MLS Listing",NA,"Single Family Residential","276 Highland Dr","Oxnard","CA",93035,995000,3,2,"Hollywood By The Sea - 0303",1384,1742,1978,71,719,NA,"Active",NA,NA,"https://www.redfin.com/CA/Oxnard/276-Highland-Dr-93035/home/4529622","CRMLS","V1-29007","N","Y",34.1570297,-119.2190041,"276 Highland Dr, Oxnard, CA",0,3.66
"MLS Listing",NA,"Single Family Residential","288 Highland Dr","Oxnard","CA",93035,1279000,3,2,"VC33 - Oxnard - Southwest / Port Huenem",1384,1742,1978,84,924,NA,"Active",NA,NA,"https://www.redfin.com/CA/Oxnard/288-Highland-Dr-93035/home/4349485","CRMLS","V1-29327","N","Y",34.1569634,-119.218767,"288 Highland Dr, Oxnard, CA",0,3.65
"MLS Listing",NA,"Single Family Residential","1024 Ocean Dr","Oxnard","CA",93035,2750000,5,3.5,"Silverstrand Beach - 0308",2959,2450,2006,85,929,NA,"Active",NA,NA,"https://www.redfin.com/CA/Oxnard/1024-Ocean-Dr-93035/home/11889878","CRMLS","V1-27781","N","Y",34.1520135,-119.2179251,"1024 Ocean Dr, Oxnard, CA",0,3.15
"MLS Listing",NA,"Single Family Residential","148 Van Nuys Ave","Oxnard","CA",93035,1345000,4,3,"Oxnard - Port Hueneme Beaches",2008,2450,1976,87,670,NA,"Active",NA,NA,"https://www.redfin.com/CA/Oxnard/148-Van-Nuys-Ave-93035/home/4526295","TheMLS","25520455","N","Y",34.1501631,-119.2147902,"148 Van Nuys Ave, Oxnard, CA",0,3.53
"MLS Listing",NA,"Multi-Family (2-4 Unit)","365-365 Highland Dr","Oxnard","CA",93035,1099000,2,2,"VC32 - Oxnard - Port Hueneme Beaches",1026,1026,1949,89,1071,NA,"Active",NA,NA,"https://www.redfin.com/CA/Oxnard/365-Highland-Dr-93035/home/4529613","CRMLS","V1-29233","N","Y",34.1572747,-119.2172082,"365-365 Highland Dr, Oxnard, CA",0,3.66
"MLS Listing",NA,"Single Family Residential","121 Los Angeles Ave","Oxnard","CA",93035,1895000,3,2.5,"Silverstrand Beach - 0308",2133,2450,2005,94,888,NA,"Active",NA,NA,"https://www.redfin.com/CA/Oxnard/121-Los-Angeles-Ave-93035/home/4526309","CRMLS","V1-29119","N","Y",34.1492771,-119.2148928,"121 Los Angeles Ave, Oxnard, CA",0,3.13
"MLS Listing",NA,"Single Family Residential","297 Highland Dr","Oxnard","CA",93035,1099900,3,2,"OXSS - Silver Strand",1457,1742,1981,94,755,NA,"Active",NA,NA,"https://www.redfin.com/CA/Oxnard/297-Highland-Dr-93035/home/4529589","CRMLS","SR25074619","N","Y",34.1572998,-119.2185857,"297 Highland Dr, Oxnard, CA",0,4.26
"MLS Listing",NA,"Single Family Residential","2516 Roosevelt Blvd","Oxnard","CA",93035,1295000,3,2,"VC33 - Oxnard - Southwest / Port Huenem",1606,2380,1980,112,806,NA,"Active",NA,NA,"https://www.redfin.com/CA/Oxnard/2516-Roosevelt-Blvd-93035/home/44633651","CRMLS","V1-28102","N","Y",34.1583864,-119.22171,"2516 Roosevelt Blvd, Oxnard, CA",0,3.27
"MLS Listing",NA,"Single Family Residential","133 Santa Paula Ave","Oxnard","CA",93035,975000,2,1,"OXSS - Silver Strand",834,2800,1949,642,1169,NA,"Active",NA,NA,"https://www.redfin.com/CA/Oxnard/133-Santa-Paula-Ave-93035/home/4527297","CRMLS","GD23186534","N","Y",34.1534223,-119.2181163,"133 Santa Paula Ave, Oxnard, CA",0,3.65
